domain_in_ip,time_domain_activation,tls_ssl_certificate,qty_redirects,url_google_index,domain_google_index,url_shortened,phishing
0,-1,0,0,0,0,0,1
0,579,1,0,0,0,0,1
0,-1,1,0,0,0,0,0
0,-1,1,0,0,0,0,1
0,6998,0,1,0,0,0,0
0,9,1,0,0,0,0,1
0,-1,0,0,0,0,0,0
0,-1,1,0,0,0,0,0
0,778,1,1,0,0,0,0
0,4805,1,0,0,0,0,1
0,6241,0,1,0,0,0,0
0,935,1,0,0,0,0,1
0,1065,0,0,0,0,0,1
0,7348,1,0,0,0,0,0
0,-1,0,0,0,0,0,1
0,3144,1,1,0,0,0,1
0,6889,1,1,0,0,0,0
0,-1,0,0,0,0,0,0
0,270,0,0,0,0,0,1
0,-1,0,0,0,0,0,0
0,8120,1,0,0,0,0,0
0,-1,0,0,0,0,0,1
0,-1,0,-1,0,0,0,1
0,-1,0,1,0,0,0,0
0,7742,1,1,0,0,0,0
0,6107,1,1,0,0,0,0
0,7224,0,0,0,0,0,0
0,-1,1,1,0,0,0,0
0,-1,1,1,0,0,0,0
0,5327,0,0,0,0,0,0
0,2609,1,0,0,0,0,1
0,6442,0,0,0,0,0,0
0,8102,1,2,0,0,0,0
0,5464,1,0,0,0,0,0
0,7382,1,1,0,0,0,0
0,1798,1,0,0,0,0,1
0,-1,0,0,0,0,0,1
0,250,0,0,0,0,0,0
0,6454,0,0,0,0,0,0
0,3465,1,0,0,0,0,1
0,5011,1,1,0,0,0,0
0,5543,1,0,0,0,0,0
0,-1,1,0,0,0,0,1
0,7139,1,1,0,0,0,0
0,5362,0,0,0,0,0,0
0,7099,0,0,0,0,0,0
0,2696,0,0,0,0,0,1
0,6866,1,1,0,0,0,0
0,7293,1,1,0,0,0,0
0,-1,1,0,0,0,0,1
0,4979,1,0,0,0,0,0
0,21,1,0,0,0,0,1
0,-1,0,1,0,0,0,1
0,967,1,0,0,0,0,1
0,21,0,-1,0,0,0,1
0,-1,1,0,0,0,0,1
0,6779,1,0,0,0,0,0
0,5829,0,0,0,0,0,0
0,535,1,0,0,0,0,0
0,6018,1,1,0,0,0,0
0,4536,1,1,0,0,0,0
0,1052,0,1,0,0,0,1
0,7049,1,1,0,0,0,0
0,6080,0,1,0,0,0,0
0,4483,0,0,0,0,0,0
0,-1,1,0,0,0,0,1
0,6937,0,0,0,0,0,0
0,6994,1,2,0,0,0,0
0,793,0,0,0,0,0,1
0,172,0,2,0,0,0,1
0,5378,1,0,0,0,0,0
0,-1,1,0,0,0,0,1
0,-1,1,0,0,0,0,1
0,716,1,1,0,0,0,0
0,58,1,0,0,0,0,1
0,4577,1,0,0,0,0,1
0,3934,0,1,0,0,0,0
0,9,1,0,0,0,0,1
0,6492,1,1,0,0,0,0
0,3178,1,1,0,0,0,1
0,521,1,0,0,0,0,1
0,3857,0,0,0,0,0,0
0,4556,0,1,0,0,0,0
0,-1,0,1,0,0,0,1
0,2935,1,1,0,0,0,1
0,-1,0,-1,0,0,0,0
0,6454,0,1,0,0,0,0
0,242,0,1,0,0,0,0
0,-1,1,0,0,0,0,0
0,-1,1,2,0,0,0,0
0,-1,1,0,0,0,0,1
0,3953,0,0,0,0,0,0
0,7902,0,0,0,0,0,0
0,1114,0,1,0,0,0,0
0,6202,0,0,0,0,0,0
0,-1,0,0,0,0,0,1
0,9212,0,1,0,0,0,0
0,1011,0,0,0,0,0,1
0,-1,0,1,0,0,0,0
0,2975,0,0,0,0,0,1
0,-1,1,0,0,0,0,1
0,-1,1,0,0,0,0,0
0,-1,0,0,0,0,0,0
0,4514,0,0,0,0,0,1
0,414,1,1,0,0,0,1
0,3547,1,1,0,0,0,0
0,3178,1,1,0,0,0,1
0,2898,0,0,0,0,0,1
0,-1,1,0,0,0,0,1
0,-1,1,0,0,0,0,1
0,-1,0,-1,0,0,0,0
0,6469,0,0,0,0,0,0
0,4519,0,0,0,0,0,0
0,6836,1,2,0,0,0,0
0,2946,1,0,0,0,0,0
0,-1,1,0,0,0,0,0
0,-1,1,0,0,0,0,1
0,2777,1,0,0,0,0,1
0,-1,1,0,0,0,0,0
0,3083,1,1,0,0,0,1
0,5663,1,0,0,0,0,0
0,5374,0,0,0,0,0,0
0,-1,0,1,0,0,0,1
0,3480,1,1,0,0,0,0
0,-1,0,-1,0,0,0,0
0,5955,1,1,0,0,0,0
0,2252,1,0,0,0,0,1
0,769,0,0,0,0,0,1
0,6373,1,0,0,0,0,0
0,1374,1,1,0,0,0,1
0,7698,0,1,0,0,0,0
0,3082,1,1,0,0,0,0
0,-1,0,0,0,0,0,0
0,66,1,0,0,0,0,1
0,3526,0,0,0,0,0,0
0,114,0,0,0,0,0,0
0,3309,0,0,0,0,0,0
0,7965,0,2,0,0,0,0
0,-1,1,0,0,0,0,0
0,7753,0,3,0,0,0,0
0,5334,0,0,0,0,0,0
0,-1,1,0,0,0,0,1
0,6939,1,1,0,0,0,0
0,7366,0,-1,0,0,0,0
0,-1,0,-1,0,0,0,0
0,5931,1,1,0,0,0,0
0,-1,1,2,0,0,0,0
0,6811,0,1,0,0,0,0
0,2539,1,0,0,0,0,1
0,4145,1,0,0,0,0,0
0,-1,0,0,0,0,0,1
0,4555,0,0,0,0,0,0
0,-1,1,0,0,0,0,0
0,630,0,1,0,0,0,0
0,5246,0,0,0,0,0,1
0,7329,0,0,0,0,0,0
0,-1,1,0,0,0,0,1
0,6079,0,0,1,0,0,0
0,7689,1,0,0,0,0,0
0,7727,0,0,0,0,0,0
0,1311,0,-1,0,0,0,0
0,21,1,2,0,0,0,1
0,7634,0,0,0,0,0,0
0,-1,1,0,0,0,0,0
0,1684,0,0,0,0,0,0
0,6199,1,0,0,0,0,0
0,2229,0,0,0,0,0,0
0,1485,0,0,0,0,0,1
0,7137,1,0,0,0,0,1
0,7449,1,0,0,0,0,0
0,1158,1,0,0,0,0,1
0,3016,0,-1,0,0,0,0
0,-1,1,1,0,0,0,1
0,7959,1,1,0,0,0,0
0,2456,1,0,0,0,0,1
0,6202,1,0,0,0,0,0
0,6497,0,0,0,0,0,0
0,7076,1,0,0,0,0,0
0,9255,1,2,0,0,0,0
0,1798,1,0,0,0,0,1
0,825,0,0,0,0,0,0
0,7095,0,1,0,0,0,0
0,-1,1,1,0,0,0,0
0,6025,1,1,0,0,0,0
0,6658,0,0,0,0,0,1
0,-1,0,1,0,0,0,0
0,14,0,0,0,0,0,1
0,2773,1,0,0,0,0,0
0,-1,0,0,0,0,0,1
0,6645,0,1,0,0,0,0
0,7827,1,1,0,0,0,0
0,-1,0,0,0,0,0,0
0,-1,1,0,0,0,0,1
0,-1,1,0,0,0,0,1
0,2634,1,2,0,0,0,0
0,7544,0,-1,0,0,0,0
0,-1,1,0,0,0,0,0
0,-1,1,0,0,0,0,0
0,-1,1,2,0,0,0,0
0,4626,1,1,0,0,0,0
0,5140,1,0,0,0,0,0
0,6795,1,0,0,0,0,0
0,5754,0,1,0,0,0,0
0,-1,1,0,0,0,0,0
0,-1,1,1,0,0,0,0
0,1666,0,0,0,0,0,0
0,5668,0,0,0,0,0,0
0,8098,1,1,0,0,0,0
0,2772,0,0,0,0,0,1
0,7104,1,1,0,0,0,0
0,-1,1,0,0,0,0,0
0,6578,1,1,0,0,0,0
0,-1,1,1,0,0,0,0
0,-1,1,3,0,0,0,1
0,5974,0,-1,0,0,0,0
0,-1,0,0,0,0,0,0
0,7087,0,0,1,0,0,0
0,7859,1,0,0,0,0,0
0,-1,1,0,0,0,0,1
0,3835,1,0,0,0,0,0
0,2498,0,-1,0,0,0,1
0,-1,1,0,0,0,0,1
0,-1,0,1,0,0,0,1
0,3070,0,1,0,0,0,1
0,6755,1,1,0,0,0,0
0,129,1,0,0,0,0,1
0,1820,0,0,0,0,0,1
0,5922,1,1,0,0,0,0
0,227,0,-1,0,0,0,1
0,-1,0,1,0,0,0,1
0,3546,0,1,0,0,0,1
0,-1,0,0,0,0,0,0
0,7760,1,1,0,0,0,0
0,5239,1,1,0,0,0,0
0,5479,0,-1,0,0,0,0
0,3677,1,1,0,0,0,0
0,6765,1,1,0,0,0,0
0,13,1,1,0,0,0,1
0,5758,0,0,0,0,0,0
0,565,1,0,0,0,0,0
0,-1,0,0,0,0,0,0
0,-1,0,0,0,0,0,1
0,-1,0,0,0,0,0,0
0,2528,0,0,0,0,0,1
0,4252,0,0,0,0,0,0
0,7344,1,0,0,0,0,0
0,1512,0,0,0,0,0,1
0,2144,1,0,0,0,0,1
0,840,1,1,0,0,0,1
0,6534,0,1,0,0,0,0
0,-1,0,0,0,0,0,1
0,-1,0,0,0,0,0,1
0,-1,0,0,0,0,0,0
0,6488,0,0,0,0,0,0
0,234,0,0,0,0,0,0
0,-1,0,0,0,0,0,1
0,3048,1,2,0,0,1,1
0,8164,1,2,0,0,0,0
0,3166,0,-1,0,0,0,0
0,-1,1,0,0,0,0,1
0,-1,1,-1,0,0,0,0
0,-1,0,-1,0,0,0,0
0,330,0,0,0,0,0,1
0,-1,0,0,0,0,0,1
0,-1,0,1,0,0,0,1
0,5261,1,1,0,0,0,0
0,3521,1,0,0,0,0,0
0,319,1,0,0,0,0,1
0,306,0,1,0,0,0,1
0,5087,1,1,0,0,0,0
0,6963,0,0,0,0,0,0
0,-1,0,-1,0,0,0,0
0,102,1,0,0,0,0,1
0,1024,0,1,0,0,0,0
0,1124,1,0,0,0,0,1
0,6810,0,1,0,0,0,0
0,3986,1,1,0,0,0,0
0,2064,1,1,0,0,0,0
0,-1,0,1,0,0,0,0
0,443,1,1,0,0,0,1
0,4320,0,1,0,0,0,0
0,1493,1,0,0,0,0,1
0,77,1,0,0,0,0,1
0,8466,1,1,0,0,0,0
0,7337,0,1,0,0,0,0
0,-1,0,0,0,0,0,0
0,6680,0,1,0,0,0,0
0,129,1,0,0,0,0,1
0,4979,1,0,0,0,0,0
0,3569,0,0,0,0,0,0
0,1447,1,1,0,0,0,1
0,2217,0,0,0,0,0,1
0,4835,0,-1,0,0,0,0
0,-1,0,0,0,0,0,1
0,5585,1,1,0,0,0,0
0,5280,1,0,0,0,0,0
0,1661,1,0,0,0,0,1
0,-1,0,-1,0,0,0,0
0,4330,1,2,0,0,0,0
0,4358,1,0,0,0,0,1
0,321,0,0,0,0,0,1
0,5351,0,0,0,0,0,0
0,-1,1,0,0,0,0,0
0,-1,0,1,0,0,0,1
0,7979,0,0,0,0,0,0
0,-1,1,0,0,0,0,0
0,4803,1,0,0,0,0,0
0,4792,1,1,0,0,0,0
0,6832,1,0,0,0,0,0
0,8024,1,2,0,0,0,0
0,-1,0,-1,0,0,0,0
0,4840,0,1,0,0,0,1
0,2784,0,0,0,0,0,0
0,-1,1,1,0,0,0,1
0,6374,1,1,0,0,0,0
0,-1,1,0,0,0,0,1
0,-1,1,0,0,0,0,0
0,8283,1,0,0,0,0,0
0,3954,0,0,0,0,0,1
0,769,1,0,0,0,0,1
0,6779,0,0,0,0,0,0
0,8222,1,1,0,0,0,0
1,835,0,0,0,0,0,1
0,-1,0,0,0,0,0,0
0,1577,0,0,0,0,0,0
0,1029,0,0,0,0,0,1
0,4415,0,0,0,0,0,0
0,-1,1,0,0,0,0,1
0,7535,1,-1,0,0,0,0
0,414,1,0,0,0,0,1
0,4682,0,0,0,0,0,0
0,988,1,0,0,0,0,1
0,-1,0,0,0,0,0,1
0,-1,0,1,0,0,0,1
0,-1,1,1,0,0,0,0
0,5562,1,1,0,0,0,0
0,6571,0,0,0,0,0,0
0,8661,1,1,0,0,0,0
0,-1,0,0,0,0,0,0
0,7632,1,1,0,0,0,0
0,2539,0,0,0,0,0,1
0,-1,0,-1,0,0,0,0
0,4838,0,0,0,0,0,1
0,7259,0,0,0,0,0,0
0,958,0,0,0,0,0,1
0,7194,0,1,0,0,0,0
0,3466,1,0,0,0,0,1
0,-1,1,0,0,0,0,1
0,2982,1,1,0,0,0,0
0,-1,1,1,0,0,0,1
0,7548,0,0,0,0,0,0
0,-1,0,0,0,0,0,0
0,2217,0,0,0,0,0,1
0,233,0,0,0,0,0,0
0,7562,1,2,0,0,0,0
0,-1,1,0,0,0,0,1
0,2498,0,1,0,0,0,1
0,5072,1,1,0,0,0,0
0,-1,0,1,0,0,0,0
0,-1,0,0,0,0,0,0
0,7456,1,1,0,0,0,0
0,-1,0,0,0,0,0,1
0,3918,0,0,0,0,0,1
0,-1,1,0,0,0,0,1
0,7997,1,1,0,0,0,0
0,-1,1,1,0,0,0,0
0,-1,0,-1,0,0,0,0
0,4344,1,2,0,0,0,0
0,5754,0,1,0,0,0,1
0,7044,1,5,0,0,0,0
0,5430,1,0,0,0,0,0
0,7685,0,0,0,0,0,0
0,7293,0,1,0,0,0,0
0,5244,0,-1,0,0,0,0
0,5943,1,1,0,0,0,0
0,8164,0,0,0,0,0,0
0,-1,1,1,0,0,0,0
0,-1,1,0,0,0,0,1
0,6918,1,1,0,0,0,0
0,-1,0,0,0,0,0,1
0,2936,0,1,0,0,0,1
0,7331,0,-1,0,0,0,0
0,2129,1,0,0,0,0,0
0,-1,1,1,0,0,0,1
0,7773,1,2,0,0,0,0
0,6961,0,-1,0,0,0,0
0,-1,0,1,0,0,0,0
0,-1,0,-1,0,0,0,0
0,-1,1,1,0,0,0,0
0,-1,1,0,0,0,0,1
0,4844,1,0,0,0,0,0
0,6654,0,0,0,0,0,0
0,6059,1,0,0,0,0,1
0,3713,1,0,0,0,0,0
0,5456,1,0,0,0,0,0
0,4085,1,1,0,0,0,0
0,7615,1,1,0,0,0,0
0,6841,1,0,0,0,0,0
0,-1,0,0,0,0,0,1
0,6082,0,0,0,0,0,0
0,1848,1,0,0,0,0,1
0,4248,0,0,0,0,0,0
0,65,0,0,0,0,0,1
0,920,1,0,0,0,0,0
0,3397,0,0,0,0,0,1
0,7690,1,0,0,0,0,0
0,31,1,0,0,0,0,1
0,5885,1,0,0,0,0,0
0,8218,0,2,0,0,0,0
0,9606,1,2,0,0,0,0
0,6827,0,0,0,0,0,0
0,-1,0,0,0,0,0,1
0,322,1,0,0,0,0,1
0,-1,1,0,0,0,0,0
0,6204,0,0,0,0,0,0
0,2075,0,0,0,0,0,1
0,34,1,0,0,0,0,1
0,1579,0,0,0,0,0,0
0,6317,0,0,0,0,0,1
0,5666,1,1,0,0,0,0
0,87,1,0,0,0,0,1
0,5619,0,-1,0,0,0,0
0,3457,1,0,0,0,0,1
0,6650,1,0,0,0,0,0
0,-1,1,0,0,0,0,1
0,6964,0,0,0,0,0,0
0,-1,1,0,0,0,0,0
0,4422,1,0,0,0,0,1
0,6591,1,1,0,0,0,0
0,-1,0,0,0,0,0,1
0,7460,1,1,0,0,0,0
0,3455,0,1,0,0,0,1
0,-1,0,0,0,0,0,0
0,4612,1,1,0,0,0,0
0,2808,0,-1,0,0,0,1
0,-1,1,0,0,0,0,0
0,-1,0,0,0,0,0,0
0,804,0,1,0,0,0,1
0,-1,0,0,0,0,0,1
0,1960,0,0,0,0,0,1
0,-1,0,-1,-1,-1,0,0
0,-1,1,0,0,0,0,1
0,-1,1,0,0,0,0,0
0,6257,1,1,0,0,0,0
0,5392,0,-1,0,0,0,0
0,6894,0,0,0,0,0,0
0,1829,0,1,0,0,0,0
0,-1,1,2,0,0,0,0
0,5411,1,2,0,0,0,0
0,6981,0,-1,0,0,0,0
0,379,1,3,0,0,0,1
0,7648,1,1,0,0,0,0
0,8490,1,0,0,0,0,0
0,4893,1,1,0,0,0,1
0,4880,0,-1,0,0,0,0
0,7689,1,0,0,0,0,0
0,3208,0,1,0,0,0,0
0,752,1,0,0,0,0,0
0,-1,0,-1,0,0,0,0
0,4092,1,0,0,0,0,1
0,-1,1,1,0,0,0,0
0,-1,0,0,0,0,0,1
0,7776,0,0,0,0,0,0
0,-1,1,0,0,0,0,0
0,6719,0,0,0,0,0,1
0,7246,0,0,0,0,0,1
0,1641,0,0,0,0,0,1
0,-1,1,-1,0,0,0,1
0,8224,0,-1,0,0,0,0
0,-1,0,0,0,0,0,1
0,4929,0,0,0,0,0,0
0,7979,1,0,0,0,0,0
0,6024,1,1,0,0,0,0
0,7931,0,0,0,0,0,0
0,7285,1,1,0,0,0,0
0,5044,0,1,0,0,0,0
0,-1,0,-1,0,0,0,0
0,-1,1,0,0,0,0,0
0,4282,1,0,0,0,0,0
0,4342,0,0,0,0,0,0
0,7682,1,1,0,0,0,0
0,3423,1,0,0,0,0,1
0,2125,1,0,0,0,0,1
0,-1,1,1,0,0,0,1
0,4997,0,0,0,0,0,1
0,6872,1,1,0,0,0,0
0,7689,1,0,0,0,0,0
0,7242,1,1,0,0,0,0
0,8199,0,0,0,0,0,0
0,1810,0,0,0,0,0,1
0,-1,0,0,0,0,0,1
0,4498,0,0,0,0,0,0
0,4908,0,0,0,0,0,0
0,1723,1,1,0,0,0,0
0,6699,1,1,0,0,0,0
0,23,0,-1,0,0,0,1
0,7930,1,2,0,0,0,0
0,-1,1,1,0,0,0,1
0,-1,1,1,0,0,0,0
0,6463,0,0,0,0,0,0
0,-1,0,-1,0,0,0,0
0,-1,1,0,0,0,0,0
0,7859,1,0,0,0,0,0
0,2830,0,1,0,0,0,0
0,3612,1,1,0,0,0,0
0,6235,0,1,0,0,0,0
0,7979,1,0,0,0,0,0
0,5410,1,0,0,0,0,0
0,8062,0,0,0,0,0,0
0,6767,1,2,0,0,0,0
0,2126,0,0,0,0,0,1
0,346,1,1,0,0,0,1
0,5437,1,1,0,0,0,0
0,6938,1,1,0,0,0,0
0,6390,0,0,0,0,0,0
0,304,0,0,0,0,0,1
0,5886,1,1,0,0,0,0
0,7533,0,1,0,0,0,0
0,4980,1,0,0,0,0,0
0,1224,1,0,0,0,0,0
0,-1,1,0,0,0,0,0
0,-1,1,4,0,0,0,0
0,-1,1,3,0,0,0,0
0,7301,1,1,0,0,0,0
0,88,1,1,0,0,0,1
0,5419,1,2,0,0,0,0
0,-1,0,0,0,0,0,0
0,2518,1,1,0,0,0,1
0,5722,1,0,0,0,0,0
0,348,0,1,0,0,0,0
0,5586,1,0,0,0,0,0
0,13,0,-1,0,0,0,1
0,-1,0,-1,0,0,0,0
0,-1,0,1,0,0,0,0
0,6642,0,0,0,0,0,0
0,8387,1,1,0,0,0,0
0,-1,1,0,0,0,0,1
0,7793,1,0,0,0,0,0
0,6655,1,1,0,0,0,0
0,565,1,0,0,0,0,0
0,573,0,0,0,0,0,1
0,7917,0,0,0,0,0,0
0,6011,0,0,0,0,0,0
0,8689,1,0,0,0,0,0
0,6266,0,-1,0,0,0,0
0,6759,1,0,0,0,0,0
0,2379,0,0,0,0,0,1
0,3117,0,0,0,0,0,1
0,451,0,0,0,0,0,0
0,813,0,0,0,0,0,0
0,4979,1,0,0,0,0,0
0,5201,1,0,0,0,0,0
0,6350,1,0,0,0,0,0
0,7018,1,0,0,0,0,0
0,7941,0,1,0,0,0,0
0,-1,0,0,0,0,0,1
0,6857,0,0,0,0,0,0
0,-1,0,-1,0,0,0,0
0,-1,1,1,0,0,0,1
0,5688,0,0,0,0,0,0
0,6929,0,0,0,0,0,0
0,6275,0,-1,0,0,0,0
0,-1,0,0,0,0,0,0
0,-1,1,1,0,0,0,0
0,1900,0,0,0,0,0,1
0,3983,0,0,0,0,0,1
0,-1,0,1,0,0,0,1
0,31,1,0,0,0,0,1
0,6347,0,0,0,0,0,0
0,4767,0,0,0,0,0,1
0,2361,0,0,0,0,0,1
0,1708,1,3,0,0,0,0
0,4187,1,1,0,0,0,0
0,6417,0,0,0,0,0,0
0,5981,1,3,0,0,0,0
0,5772,0,0,0,0,0,0
0,-1,0,0,0,0,0,1
0,2280,0,0,0,0,0,1
0,5226,1,1,0,0,0,0
0,5408,0,0,0,0,0,0
0,-1,1,0,0,0,0,1
0,6546,0,1,0,0,0,0
0,1762,0,0,0,0,0,1
0,8664,1,1,0,0,0,0
0,5590,0,0,0,0,0,0
0,8188,1,0,0,0,0,0
0,5166,1,0,0,0,0,1
0,6339,0,0,0,0,0,0
0,5364,1,1,0,0,0,0
0,-1,1,1,0,0,0,0
0,2367,1,0,0,0,0,0
0,-1,1,1,0,0,0,0
0,-1,0,0,0,0,0,1
0,1443,0,0,0,0,0,0
0,7869,1,2,0,0,0,0
0,7714,1,0,0,0,0,0
0,6961,0,-1,0,0,0,0
0,6052,0,0,0,0,0,0
0,5579,1,3,0,0,0,0
0,5888,1,1,0,0,0,0
0,4647,0,0,0,0,0,0
0,1832,1,1,0,0,0,1
0,8041,1,1,0,0,0,0
0,8329,0,0,0,0,0,0
0,1927,0,0,0,0,0,1
0,7382,0,0,0,0,0,0
0,-1,1,0,0,0,0,1
0,1274,1,0,0,0,0,1
0,7597,1,0,0,0,0,0
0,-1,1,0,0,0,0,0
0,4939,1,1,0,0,0,0
0,3644,0,0,0,0,0,1
0,-1,0,-1,0,0,0,0
0,6561,0,2,0,0,0,0
0,3842,1,1,0,0,0,0
0,7253,0,0,0,0,0,0
0,2298,1,2,0,0,0,0
0,7329,1,1,0,0,0,0
0,6689,0,0,0,0,0,0
0,3930,1,0,0,0,0,1
0,-1,0,0,0,0,0,1
0,5014,1,1,0,0,0,0
0,7690,1,0,0,0,0,0
0,820,1,1,0,0,0,0
0,7925,1,1,0,0,0,0
0,7983,1,0,0,0,0,0
0,6686,0,0,0,0,0,0
0,-1,1,0,0,0,0,0
0,429,1,1,0,0,0,0
0,-1,1,0,0,0,0,0
0,4211,0,1,0,0,0,1
0,6600,0,1,0,0,0,0
0,3513,0,1,0,0,0,1
0,4356,1,1,0,0,0,1
0,7182,1,0,0,0,0,0
0,6999,1,1,0,0,0,0
0,2639,1,0,0,0,0,0
0,127,1,1,0,0,0,1
0,-1,1,0,0,0,0,1
0,-1,1,1,0,0,0,1
0,-1,0,-1,0,0,0,1
0,746,0,0,0,0,0,1
0,7986,1,1,0,0,0,0
0,1667,1,0,0,0,0,0
0,-1,0,0,0,0,0,1
0,2544,0,1,0,0,0,1
0,1529,1,0,0,0,0,1
0,6569,0,0,0,0,0,0
0,4897,0,0,0,0,0,0
0,-1,0,0,0,0,0,1
0,7530,0,0,0,0,0,0
0,6409,1,1,0,0,0,0
0,444,0,-1,0,0,0,0
0,7062,0,0,0,0,0,0
0,-1,0,0,0,0,0,0
0,4023,0,0,0,0,0,1
0,-1,0,-1,0,0,0,0
0,-1,0,1,0,0,0,1
0,-1,1,1,0,0,0,1
0,7652,1,1,0,0,0,0
0,3406,1,0,0,0,0,0
0,4794,0,0,0,0,0,1
0,-1,1,1,0,0,0,0
0,6358,1,0,0,0,0,0
0,7515,0,0,0,0,0,0
0,6937,0,0,0,0,0,0
0,4780,1,0,0,0,0,1
0,7061,0,0,0,0,0,0
0,7616,0,0,0,0,0,0
0,-1,1,0,0,0,0,0
0,6240,1,1,0,0,0,0
0,6294,1,1,0,0,0,0
0,4352,0,0,0,0,0,0
0,1819,0,0,0,0,0,1
0,8038,1,0,0,0,0,0
0,7766,0,0,0,0,0,0
0,-1,0,0,0,0,0,1
0,5437,0,0,0,0,0,0
0,-1,1,0,0,0,0,1
0,7506,1,0,0,0,0,0
0,2542,1,0,0,0,0,0
0,-1,0,-1,0,0,0,0
0,1798,1,0,0,0,0,1
0,-1,1,1,0,0,0,1
0,9,1,1,0,0,0,1
0,-1,1,1,0,0,0,0
0,6206,1,0,0,0,0,0
0,-1,0,0,0,0,0,0
0,3535,0,0,0,0,0,0
0,6329,0,1,0,0,0,0
0,3945,1,1,0,0,0,0
0,7539,1,0,0,0,0,0
0,6592,1,0,0,0,0,0
0,7365,1,1,0,0,0,0
0,7866,1,2,0,0,0,0
0,4802,1,0,0,0,0,0
0,6863,1,1,0,0,0,0
0,-1,0,0,0,0,0,1
0,6389,1,0,0,0,0,0
0,58,0,0,0,0,0,1
0,141,1,0,0,0,0,1
0,5058,0,0,0,0,0,1
0,6808,1,0,0,0,0,0
0,7506,0,1,0,0,0,0
0,-1,1,0,0,0,0,1
0,2023,1,0,0,0,0,1
0,5644,0,0,0,0,0,1
0,6753,0,-1,0,0,0,0
0,7460,1,1,0,0,0,0
0,811,0,0,0,0,0,0
0,3469,1,1,0,0,0,1
0,-1,1,2,0,0,0,0
0,7441,0,1,0,0,0,0
0,8490,0,-1,0,0,0,0
0,-1,0,-1,0,0,0,0
0,7995,0,0,1,1,0,0
0,2250,1,0,0,0,0,1
0,-1,1,2,0,0,0,0
0,6544,0,0,0,0,0,0
0,-1,0,-1,0,0,0,0
0,5068,0,-1,0,0,0,0
0,-1,0,0,0,0,0,0
0,-1,0,3,0,0,0,0
0,6622,0,0,0,0,0,0
0,-1,1,0,0,0,0,1
0,5295,0,-1,0,0,0,0
0,-1,0,1,0,0,0,1
0,1580,0,0,0,0,0,0
0,-1,0,0,0,0,0,1
0,7192,1,1,0,0,0,0
0,6370,0,0,0,0,0,0
0,-1,0,0,0,0,0,0
0,2536,0,0,0,0,0,0
0,8259,1,2,0,0,0,0
0,-1,1,0,0,0,0,0
0,1702,0,0,0,0,0,0
0,7859,1,0,0,0,0,0
0,128,1,1,0,0,0,0
0,5112,1,1,0,0,0,0
0,530,1,1,0,0,0,0
0,-1,0,0,0,0,0,0
0,6843,0,1,0,0,0,0
0,6338,1,1,0,0,0,0
0,8164,1,1,0,0,0,0
0,-1,1,2,0,0,0,0
0,5034,1,0,0,0,0,0
0,6083,1,1,0,0,0,0
0,1623,0,0,0,0,0,1
0,-1,0,0,0,0,0,1
0,3420,0,0,0,0,0,0
0,1065,0,0,0,0,0,1
0,-1,1,0,0,0,0,1
0,5268,0,0,0,0,0,1
0,2011,1,0,0,0,0,1
0,7782,1,1,0,0,0,0
0,1708,0,0,0,0,0,1
0,3740,1,0,0,0,0,0
0,4613,0,0,0,0,0,0
0,-1,1,4,0,0,0,0
0,7001,1,1,0,0,0,0
0,3233,0,-1,0,0,0,0
0,6414,1,0,0,0,0,0
0,6690,0,2,0,0,0,0
0,2021,1,0,0,0,0,1
0,8024,1,1,0,0,0,0
0,2613,0,0,0,0,0,1
0,-1,0,2,0,0,0,1
0,7486,0,0,0,0,0,0
0,-1,0,1,0,0,0,1
0,6976,1,2,0,0,0,0
0,5424,1,-1,0,0,0,0
0,6670,1,0,0,0,0,0
0,1626,1,0,0,0,0,1
0,-1,1,0,0,0,0,0
0,-1,1,0,0,0,0,0
0,4351,0,-1,0,0,0,0
0,-1,1,0,0,0,0,1
0,4,1,0,0,0,0,1
0,-1,1,0,0,0,0,0
0,4446,0,0,0,0,0,0
0,2900,1,0,0,0,0,1
0,-1,1,1,0,0,0,0
0,-1,1,0,0,0,0,1
0,-1,1,0,0,0,0,1
0,5173,1,0,0,0,0,0
0,8142,1,1,0,0,0,0
0,5635,0,0,0,0,0,0
0,6278,1,2,0,0,0,0
0,1214,0,0,0,0,0,0
0,1772,0,0,0,0,0,0
0,1323,1,0,0,0,0,0
0,-1,0,0,0,0,0,0
0,-1,0,1,0,0,0,0
0,6919,0,0,0,0,0,0
0,5612,1,0,0,0,0,0
0,7684,0,0,0,0,0,1
0,2047,0,0,0,0,0,0
0,-1,1,0,0,0,0,1
0,1106,0,0,0,0,0,1
0,8062,1,1,0,0,0,0
0,-1,0,0,0,0,0,0
0,6067,1,0,0,0,0,0
0,3087,0,3,0,0,0,0
0,232,0,-1,0,0,0,0
0,5520,1,1,0,0,0,0
0,6438,0,0,0,0,0,0
0,-1,0,1,0,0,0,0
0,-1,0,-1,0,0,0,0
0,-1,1,0,0,0,0,1
0,-1,0,-1,0,0,0,0
0,-1,0,-1,0,0,0,0
0,4025,0,-1,0,0,0,1
0,5624,1,1,0,0,0,0
0,4647,0,0,0,0,0,0
0,4247,0,0,0,0,0,0
0,26,0,-1,0,0,0,1
0,29,1,0,0,0,0,1
0,4029,0,-1,0,0,0,0
0,3881,1,2,0,0,0,0
0,2562,1,1,0,0,0,0
0,3503,1,0,0,0,0,0
0,2678,0,-1,0,0,0,0
0,5802,1,1,0,0,0,0
0,-1,0,-1,0,0,0,0
0,1063,1,1,0,0,0,0
0,-1,1,0,0,0,0,0
0,4860,0,1,0,0,0,0
0,8332,0,0,0,0,0,0
0,-1,0,-1,0,0,0,0
0,6315,0,1,0,0,0,0
0,7569,0,1,0,0,0,0
0,2520,0,0,0,0,0,0
0,1826,1,1,0,0,0,0
0,-1,1,0,0,0,0,1
0,4978,1,0,0,0,0,0
0,5279,1,0,0,0,0,0
0,316,0,-1,0,0,0,0
0,4733,0,0,0,0,0,0
0,-1,1,2,0,0,0,1
0,7163,1,1,0,0,0,0
0,777,1,1,0,0,0,1
0,20,0,0,0,0,0,1
0,4375,1,1,0,0,0,0
0,7019,1,1,0,0,0,0
0,313,0,0,0,0,0,0
0,3177,1,1,0,0,0,1
0,5230,0,0,0,0,0,1
0,-1,0,0,0,0,0,0
0,7959,1,0,0,0,0,0
0,-1,0,0,0,0,0,0
0,8395,1,1,0,0,0,0
0,-1,0,0,0,0,0,1
0,-1,0,0,0,0,0,1
0,2796,0,0,0,0,0,1
0,5896,0,0,0,0,0,0
0,7204,0,0,0,0,0,0
0,3192,0,0,0,0,0,1
0,5782,0,0,0,0,0,0
0,6503,0,2,0,0,0,0
0,4962,1,0,0,0,0,1
0,3330,1,1,0,0,0,0
0,6118,0,0,0,0,0,0
0,1065,0,-1,0,0,0,0
0,7724,0,0,0,0,0,0
0,6516,1,3,0,0,0,0
0,5142,1,1,0,0,0,0
0,3223,1,2,0,0,0,1
0,2152,0,0,0,0,0,1
0,4794,0,2,0,0,0,0
0,5560,1,0,0,0,0,0
0,-1,1,0,0,0,0,1
0,-1,1,0,0,0,0,0
0,-1,1,0,0,0,0,0
0,-1,0,0,0,0,0,1
0,8149,0,0,0,0,0,0
0,6406,1,0,0,0,0,0
0,-1,1,0,0,0,0,0
0,6346,1,1,0,0,0,0
0,1351,1,1,0,0,0,0
0,-1,1,0,0,0,0,1
0,-1,1,0,0,0,0,0
0,5511,0,0,0,0,0,0
0,540,0,0,0,0,0,1
0,5066,0,0,0,0,0,1
0,2632,0,0,0,0,0,1
0,6114,0,0,0,0,0,0
0,6357,0,0,0,0,0,0
0,6702,1,1,0,0,0,0
0,-1,0,0,0,0,0,1
0,5658,0,0,0,0,0,0
0,5351,0,0,0,0,0,1
0,4592,0,0,0,0,0,0
0,8006,0,0,0,0,0,0
0,-1,0,0,0,0,0,1
0,7304,0,0,0,0,0,0
0,4978,1,2,0,0,0,0
0,6980,0,0,0,0,0,0
0,7164,1,1,0,0,0,0
0,4483,1,1,0,0,0,0
0,7301,1,1,0,0,0,0
0,2008,1,0,0,0,0,0
0,7027,1,1,0,0,0,0
0,2073,1,0,0,0,0,1
0,355,0,0,0,0,0,1
0,-1,0,1,0,0,0,0
0,5301,0,0,0,0,0,0
0,2498,0,-1,0,0,0,1
0,773,1,1,0,0,0,1
0,6547,0,0,0,0,0,0
0,7084,1,2,0,0,0,0
1,-1,0,0,0,0,0,1
0,7152,0,0,0,0,0,0
0,-1,0,0,0,0,0,0
0,-1,1,0,0,0,0,1
0,7737,1,0,0,0,0,1
0,-1,1,0,0,0,0,1
0,1310,1,0,0,0,0,1
0,1341,0,0,0,0,0,1
0,-1,1,1,0,0,0,0
0,7245,0,0,0,0,0,1
0,-1,1,1,0,0,0,0
0,4202,1,0,0,0,0,0
0,2880,1,1,0,0,0,0
0,45,0,0,0,0,0,0
0,1307,1,0,0,0,0,1
0,5573,1,1,0,0,0,0
0,-1,1,2,0,0,0,0
0,-1,0,-1,0,0,0,0
0,6794,1,0,0,0,0,0
0,6998,0,-1,0,0,0,0
0,8710,0,1,0,0,0,0
0,-1,1,0,0,0,0,1
0,5130,0,0,0,0,0,1
0,9376,1,1,0,0,0,0
0,1634,0,-1,0,0,0,0
0,4,0,-1,0,0,0,1
0,5739,1,0,0,0,0,0
0,6831,1,1,0,0,0,0
1,-1,0,4,0,0,0,1
0,-1,1,0,0,0,0,0
0,2483,0,0,0,0,0,1
0,7003,0,0,0,0,0,0
0,6475,1,0,0,0,0,0
0,2997,1,0,0,0,0,1
0,7690,1,0,0,0,0,0
0,-1,1,0,0,0,0,0
0,3416,1,0,0,0,0,1
0,-1,0,0,0,0,0,0
0,2898,1,0,0,0,0,0
0,-1,0,0,0,0,0,0
0,7151,1,1,0,0,0,0
0,6005,0,0,0,0,0,0
0,5715,0,1,0,0,0,0
0,-1,0,1,0,0,0,1
0,-1,0,-1,0,0,0,0
0,-1,1,2,0,0,0,0
0,2085,0,0,0,0,0,1
0,6578,0,0,0,0,0,0
0,4749,1,0,0,0,0,0
0,3211,0,0,0,0,0,1
0,7019,0,0,0,0,0,0
0,7789,0,0,0,0,0,0
0,1972,0,0,0,0,0,0
0,5012,0,0,0,0,0,0
0,1304,1,1,0,0,0,1
0,3444,0,0,0,0,0,1
0,208,1,1,0,0,0,1
0,6823,1,1,0,0,0,0
0,5472,1,1,0,0,0,0
0,874,1,0,0,0,0,1
0,7835,1,1,0,0,0,0
0,-1,0,-1,0,0,1,1
0,8626,1,1,0,0,0,0
0,-1,0,0,0,0,0,1
0,6471,0,1,0,0,0,0
0,1036,1,1,0,0,0,1
0,2832,1,0,0,0,0,1
0,-1,0,0,0,0,0,0
0,-1,1,0,0,0,0,0
0,-1,1,1,0,0,0,0
0,6502,0,0,0,0,0,0
0,6897,0,0,0,0,0,0
0,3178,1,1,0,0,0,1
0,1982,0,0,0,0,0,1
0,-1,0,0,0,0,0,0
0,1260,1,1,0,0,0,1
0,6596,1,1,0,0,0,0
0,4838,0,1,0,0,0,1
0,5277,0,0,0,0,0,0
0,2797,1,1,0,0,0,1
0,-1,1,0,0,0,0,0
0,4744,0,2,0,0,0,0
0,-1,0,0,0,0,0,1
0,329,0,0,0,0,0,1
0,-1,1,1,0,0,0,1
0,-1,1,1,0,0,0,0
0,122,1,1,0,0,0,1
0,10554,1,1,0,0,0,0
0,2875,0,0,0,0,0,0
0,3219,0,0,0,0,0,0
0,-1,0,2,0,0,0,1
0,6405,1,0,0,0,0,0
0,6778,1,0,0,0,0,0
0,1795,0,-1,0,0,0,1
0,477,1,0,0,0,0,1
0,1940,1,1,0,0,0,0
0,8724,1,0,0,0,0,0
0,7529,1,1,0,0,0,0
0,6627,0,0,0,0,0,0
0,4592,0,0,0,0,0,1
0,1654,0,0,0,0,0,1
0,288,1,0,0,0,0,1
0,6677,1,1,0,0,0,0
0,-1,0,0,0,0,0,0
0,8724,1,0,0,0,0,0
0,-1,1,0,0,0,0,0
0,8006,0,0,0,0,0,0
0,-1,1,0,0,0,0,0
0,-1,1,3,0,0,0,0
0,7112,0,0,0,0,0,0
0,2850,1,0,0,0,0,0
0,-1,0,0,0,0,0,1
0,6358,0,0,0,0,0,0
0,4500,0,0,0,0,0,0
0,-1,1,0,0,0,0,1
0,-1,0,0,0,0,0,1
0,325,1,1,0,0,0,1
0,-1,0,1,0,0,0,1
0,6643,0,0,0,0,0,0
0,3367,1,2,0,0,0,0
0,7744,1,1,0,0,0,0
0,346,0,-1,0,0,0,1
0,1493,1,0,0,0,0,1
0,1718,0,0,0,0,0,1
0,-1,1,1,0,0,0,0
0,7146,0,0,0,0,0,0
0,3697,1,0,0,0,0,0
0,6498,1,1,0,0,0,0
0,5535,0,1,0,0,0,0
0,6691,1,0,0,0,0,0
0,8639,1,3,0,0,0,0
0,24,0,-1,0,0,0,1
0,-1,0,0,0,0,0,0
0,5,0,0,0,0,0,0
0,1788,1,2,0,0,0,1
0,5458,0,2,0,0,0,0
0,2082,1,0,0,0,0,0
0,-1,0,0,0,0,0,1
0,1635,1,1,0,0,0,1
0,8046,0,0,0,0,0,0
0,709,1,0,0,0,0,0
0,4592,0,0,0,0,0,0
0,5133,0,-1,0,0,0,0
0,2063,0,0,0,0,0,0
0,6116,0,0,0,0,0,0
0,-1,1,1,0,0,0,0
0,-1,1,0,0,0,0,1
0,28,1,1,0,0,0,1
0,-1,1,0,0,0,0,1
0,3056,0,0,0,0,0,1
0,6525,1,1,0,0,0,0
0,7099,1,0,0,0,0,0
0,599,1,0,0,0,0,1
0,6187,0,0,0,0,0,0
0,-1,1,0,0,0,0,0
0,2735,0,0,0,0,0,1
0,-1,0,0,0,0,0,1
0,6354,0,0,0,0,0,1
0,2788,1,0,0,0,0,1
0,5377,0,0,0,0,0,1
0,6665,0,-1,0,0,0,0
0,8006,0,-1,0,0,0,0
0,4770,1,0,0,0,0,1
0,5526,1,0,0,0,0,0
0,8063,1,1,0,0,0,0
0,1803,0,1,0,0,0,1
0,-1,1,-1,0,0,0,0
0,5505,0,0,0,0,0,0
0,-1,0,-1,0,0,0,0
0,6678,0,0,0,0,0,1
0,7195,1,2,0,0,0,0
0,-1,0,-1,0,0,0,0
0,7154,1,1,0,0,0,0
0,5135,1,2,0,0,0,1
0,5794,0,0,0,0,0,0
0,7139,1,1,0,0,0,0
0,5394,1,2,0,0,0,0
0,4979,1,0,0,0,0,0
0,4811,0,-1,0,1,0,1
0,75,1,0,0,0,0,1
0,3641,1,0,0,0,0,1
0,7452,0,1,0,0,0,0
0,5105,1,-1,0,0,0,0
0,6187,1,0,0,0,0,0
0,2086,0,1,0,0,0,1
0,5473,1,0,0,0,0,0
0,10673,1,1,0,0,0,0
0,2748,0,0,0,0,0,1
0,8096,0,2,0,0,0,0
0,2507,1,0,0,0,0,0
0,-1,0,-1,-1,-1,0,0
0,7690,1,0,0,0,0,0
0,483,1,1,0,0,0,0
0,-1,0,-1,0,0,0,0
0,-1,1,0,0,0,0,1
0,3885,1,1,0,0,0,0
0,4550,0,0,0,0,0,0
0,-1,0,2,0,0,0,1
0,896,0,0,0,0,0,1
0,-1,0,0,0,0,0,1
0,2876,1,0,0,0,0,0
0,6528,1,1,0,0,0,0
0,-1,0,-1,0,0,0,0
0,967,1,0,0,0,0,1
0,7300,1,1,0,0,0,0
0,6847,0,0,0,0,0,0
0,-1,0,-1,0,0,0,0
0,6540,1,0,0,0,0,1
0,1598,0,0,0,0,0,1
0,6195,0,1,0,0,0,0
0,-1,1,1,0,0,0,0
0,7432,0,1,0,0,0,0
0,7994,0,-1,0,0,0,0
0,8527,1,1,0,0,0,0
0,-1,0,0,0,0,0,1
0,1574,0,0,0,0,0,1
0,1828,1,1,0,0,0,1
0,-1,1,1,0,0,0,0
0,-1,1,1,0,0,0,1
0,-1,1,1,0,0,0,1
0,6831,1,1,0,0,0,0
0,4774,0,-1,0,0,0,0
0,7238,1,1,0,0,0,0
0,5931,0,1,0,0,0,0
0,6554,1,1,0,0,0,0
0,7127,1,0,0,0,0,0
0,-1,1,0,0,0,0,1
0,-1,1,1,0,0,0,1
0,5924,0,1,0,0,0,0
0,4264,1,1,0,0,0,0
0,3279,1,2,0,0,0,1
0,6783,0,0,0,0,0,0
0,3821,1,0,0,0,0,0
0,8682,1,0,0,0,0,0
0,-1,0,0,0,0,0,1
0,664,1,1,0,0,0,1
0,-1,0,-1,0,0,0,0
0,4479,1,1,0,0,0,0
0,6027,0,0,0,0,0,0
0,8472,1,1,0,0,0,0
0,-1,0,0,0,0,0,0
0,5538,0,-1,0,0,0,0
0,405,0,-1,0,0,0,0
0,-1,1,1,0,0,0,1
0,-1,0,-1,0,0,0,0
0,7922,1,3,0,0,0,0
0,1787,1,3,0,0,0,1
0,7337,1,0,0,0,0,0
0,99,0,0,0,0,0,0
0,6777,1,1,0,0,0,0
0,7738,0,0,0,0,0,0
0,6636,1,0,0,0,0,0
0,9606,1,2,0,0,0,0
0,-1,1,0,0,0,0,1
0,4581,1,0,0,0,0,0
0,-1,1,0,0,0,0,0
0,2179,1,1,0,0,0,1
0,6789,1,1,0,0,0,0
0,-1,1,1,0,0,0,0
0,-1,1,2,0,0,0,1
0,-1,0,0,0,0,0,1
0,895,0,0,0,0,0,1
0,-1,0,-1,0,0,0,1
0,6696,1,0,0,0,0,0
0,-1,1,0,0,0,0,0
0,6876,0,0,0,0,0,0
0,7654,1,0,0,0,0,0
0,648,0,2,0,0,0,1
0,4475,1,1,0,0,0,0
0,-1,0,-1,0,0,0,0
0,7016,0,0,0,0,0,0
0,-1,0,-1,0,0,0,0
0,7860,1,0,0,0,0,0
0,7137,1,1,0,0,0,0
0,692,0,2,0,0,0,0
0,6604,1,1,0,0,0,0
0,6773,1,0,0,0,0,0
0,6470,1,1,0,0,0,0
0,6963,0,1,0,0,0,0
0,2879,0,0,0,0,0,1
0,6110,1,1,0,0,0,0
0,3891,1,0,0,0,0,0
0,8118,1,0,0,0,0,0
0,256,0,0,0,0,0,1
0,-1,1,2,0,0,0,1
0,7117,0,0,0,0,0,0
0,4338,0,0,0,0,0,1
0,-1,0,0,0,0,0,1
0,3161,0,0,0,0,0,1
0,-1,1,2,0,0,0,1
0,8283,0,2,0,0,0,0
0,2931,0,0,0,0,0,1
0,4104,0,0,0,0,0,0
0,6511,0,0,0,0,0,0
0,-1,0,1,0,0,0,1
0,-1,1,1,0,0,0,1
0,2844,1,0,0,0,0,1
0,2425,1,2,0,0,0,1
0,6258,0,0,0,0,0,0
0,2910,1,0,0,0,0,1
0,2510,0,1,0,0,0,1
0,2459,1,1,0,0,0,0
0,3983,1,1,0,0,0,0
0,3135,1,2,0,0,0,1
0,-1,0,-1,0,0,0,0
0,6210,0,0,0,0,0,0
0,3248,1,2,0,0,0,0
0,5080,1,1,0,0,0,0
0,5105,1,1,0,0,0,0
0,1940,0,0,0,0,0,1
0,1623,0,0,0,0,0,1
0,-1,1,3,0,0,0,1
0,7292,1,1,0,0,0,0
0,-1,0,-1,0,0,0,0
0,3503,1,1,0,0,0,0
0,6832,1,1,0,0,0,0
0,2482,0,1,0,0,0,1
0,-1,1,1,0,0,0,0
0,846,0,11,0,0,0,0
0,1413,0,1,0,0,0,1
0,8120,0,0,0,0,0,0
0,-1,0,1,0,0,0,1
0,6340,0,0,0,0,0,0
0,6059,1,0,0,0,1,1
0,-1,0,0,0,0,0,0
0,-1,1,0,0,0,0,1
0,4620,0,-1,0,0,0,0
0,-1,1,0,0,0,0,0
0,735,1,1,0,0,0,1
0,-1,0,0,0,0,0,0
0,4840,0,1,0,0,0,1
0,-1,0,1,0,0,0,0
0,-1,0,0,0,0,0,1
0,1097,1,0,0,0,0,1
0,21,1,0,0,0,0,1
0,-1,1,1,0,0,0,0
0,7741,0,1,0,0,0,0
0,7694,1,2,0,0,0,0
0,-1,0,0,0,0,0,1
0,7197,1,0,0,0,0,0
0,1428,1,0,0,0,0,0
0,4537,1,1,0,0,0,0
0,-1,0,0,0,0,0,1
0,-1,1,0,0,0,0,1
0,-1,1,2,0,0,0,1
0,-1,0,-1,0,0,0,1
0,-1,0,0,0,0,0,1
0,7398,1,1,0,0,0,0
0,5992,1,2,0,0,0,0
0,1004,1,1,0,0,0,1
0,2711,0,0,0,0,0,1
0,111,1,1,0,0,0,1
0,2301,0,-1,0,0,0,0
0,4766,1,1,0,0,0,0
0,-1,0,0,0,0,0,1
0,-1,0,3,0,0,0,1
0,7546,0,0,0,0,0,0
0,-1,0,-1,0,0,0,0
0,3861,0,-1,0,0,0,0
0,-1,1,1,0,0,0,0
0,6448,0,1,0,0,0,1
0,728,0,0,0,0,0,1
0,3594,0,1,0,0,0,1
0,6783,0,-1,0,0,0,1
0,4231,0,0,0,0,0,0
0,-1,0,1,0,0,0,0
0,7069,1,2,0,0,0,0
0,6526,0,0,0,0,0,0
0,5663,0,0,0,0,0,1
0,3600,0,0,0,0,0,0
0,-1,0,-1,0,0,0,0
0,1441,1,1,0,0,0,0
0,6895,0,1,0,0,0,0
0,-1,1,3,0,0,0,1
0,-1,1,1,0,0,0,0
0,6409,0,1,0,0,0,0
0,2252,1,0,0,0,0,1
0,-1,0,0,0,0,0,0
0,6387,0,0,0,0,0,0
0,7,0,0,0,0,0,1
0,3433,1,1,0,0,0,1
0,7400,1,1,0,0,0,0
0,1897,1,0,0,0,0,1
0,-1,1,3,0,0,0,0
0,4409,0,0,0,0,0,0
0,6652,1,0,0,0,0,0
0,8183,1,1,0,0,0,0
0,5210,0,0,0,0,0,0
0,-1,1,0,0,0,0,1
0,7690,0,0,0,0,0,0
0,-1,1,0,0,0,0,1
0,-1,1,1,0,0,0,0
0,6444,0,0,0,0,0,0
0,310,1,0,0,0,0,1
0,-1,0,-1,0,0,0,0
0,7096,0,-1,0,0,0,0
0,5136,0,0,0,0,0,0
0,403,1,0,0,0,0,1
0,3617,1,1,0,0,0,0
0,345,1,0,0,0,0,1
0,8066,1,3,0,0,0,0
0,-1,1,0,0,0,0,1
0,4959,1,0,0,0,0,0
0,-1,0,0,0,0,0,0
0,-1,1,0,0,0,0,1
0,6292,0,2,0,0,0,0
0,8652,1,0,0,0,0,0
0,7897,0,0,0,0,0,0
0,558,1,1,0,0,0,1
0,1359,1,0,0,0,0,0
0,8007,1,1,0,0,0,0
0,8179,1,2,0,0,0,1
0,-1,0,0,0,0,0,0
0,6287,1,2,0,0,0,0
0,7994,0,0,0,0,0,0
0,305,0,0,0,0,0,1
0,4327,0,-1,0,0,0,0
0,-1,1,0,0,0,0,1
0,5895,1,0,0,0,0,0
0,7175,1,1,0,0,0,0
0,1798,1,0,0,0,0,1
0,7759,1,1,0,0,0,0
0,-1,0,0,0,0,0,1
0,-1,0,-1,0,0,0,0
0,-1,0,0,0,0,0,0
0,4418,1,1,0,0,0,0
0,6980,1,0,0,0,0,0
0,6579,1,0,0,0,0,0
0,3372,0,2,0,0,0,0
0,7179,1,0,0,0,0,0
0,7464,0,0,0,0,0,0
0,-1,1,1,0,0,0,0
0,5719,0,0,0,0,0,0
0,8724,1,2,0,0,0,0
0,-1,1,1,0,0,0,0
0,359,1,0,0,0,0,1
0,-1,1,0,0,0,0,1
0,1167,0,0,0,0,0,1
0,3462,0,2,0,0,0,0
0,-1,0,-1,0,0,0,0
0,1497,1,0,0,0,0,1
0,-1,0,-1,0,0,0,0
0,-1,0,0,0,0,0,1
0,5792,0,0,0,0,0,0
0,7875,0,0,0,0,0,0
0,4796,0,1,0,0,0,0
0,3988,1,1,0,0,0,0
0,-1,0,0,0,0,0,1
0,6289,1,0,0,0,0,0
0,6319,1,0,0,0,0,0
0,6365,1,0,0,0,0,0
0,-1,1,0,0,0,0,1
0,-1,0,0,0,0,0,0
0,7662,1,0,0,0,0,0
0,6832,1,1,0,0,0,0
0,5442,0,0,0,0,0,0
0,1628,1,1,0,0,0,0
0,247,1,0,0,0,0,0
0,6681,1,0,0,0,0,0
0,-1,0,-1,0,0,0,1
0,-1,0,-1,0,0,0,1
0,50,1,0,0,0,0,1
0,-1,1,0,0,0,0,1
0,5695,0,0,0,0,0,0
0,7174,0,-1,0,0,0,0
0,-1,1,0,0,0,0,0
0,659,0,0,0,0,0,1
0,7240,1,2,0,0,0,0
0,7853,1,0,0,0,0,0
0,-1,1,0,0,0,0,0
0,914,1,0,0,0,0,1
0,7629,1,0,0,0,0,0
0,8150,1,0,0,0,0,0
0,801,0,0,0,0,0,1
0,7636,1,1,0,0,0,0
0,3794,0,0,0,0,0,1
0,5353,1,0,0,0,0,0
0,21,0,0,0,0,0,1
0,978,1,3,0,0,0,1
0,187,1,0,0,0,0,1
0,-1,0,-1,0,0,0,1
0,1654,0,0,0,0,0,1
0,2413,0,2,0,0,0,1
0,296,0,-1,0,0,0,0
0,-1,0,0,0,0,0,0
0,-1,0,0,0,0,0,1
0,8283,0,0,0,0,0,0
0,6369,1,0,0,0,0,0
0,5181,0,-1,0,0,0,0
0,-1,0,-1,0,0,0,1
0,6794,1,0,0,0,0,0
0,1020,1,0,0,0,0,1
0,-1,1,3,0,0,0,0
0,1016,0,1,0,0,0,1
0,-1,1,0,0,0,0,0
0,3667,1,1,0,0,0,0
0,1258,1,1,0,0,0,1
0,6070,0,0,0,0,0,0
0,-1,1,1,0,0,0,0
0,7342,0,0,0,0,0,0
0,6805,1,1,0,0,0,0
0,6609,0,0,0,0,0,0
0,2172,1,0,0,0,0,1
0,4623,0,0,0,0,0,0
0,4241,1,0,0,0,0,0
0,4405,1,1,0,0,0,0
0,2652,1,0,0,0,0,1
0,8538,1,0,0,0,0,0
0,-1,1,1,0,0,0,1
0,7018,1,0,0,0,0,0
0,6959,1,1,0,0,0,0
0,5597,0,0,0,0,0,1
0,-1,1,0,0,0,0,0
0,-1,1,0,0,0,0,0
0,3169,0,0,0,0,0,0
0,-1,0,0,0,0,0,0
0,8269,1,0,0,0,0,0
0,-1,1,2,0,0,0,1
0,658,0,0,0,0,0,1
0,-1,1,2,0,0,0,0
0,5764,0,1,0,0,0,0
0,-1,0,5,0,0,0,0
0,-1,1,0,0,0,0,0
0,397,0,0,0,0,0,1
0,7650,1,1,0,0,0,0
0,8470,1,0,0,0,0,0
0,-1,1,0,0,0,0,1
0,4072,0,0,0,0,0,0
0,1609,0,0,0,0,0,0
0,7380,0,0,0,0,0,0
0,-1,1,0,0,0,0,1
0,-1,1,0,0,0,0,1
0,3236,0,0,0,0,0,1
0,-1,0,0,0,0,0,0
0,6668,0,1,0,0,0,1
0,2096,0,0,0,0,0,1
0,-1,0,-1,0,0,0,0
0,7131,1,0,0,0,0,0
0,-1,1,0,0,0,0,1
0,4671,0,0,0,0,0,0
0,4865,0,1,0,0,0,0
0,-1,0,1,0,0,0,0
0,-1,0,-1,0,0,0,0
0,-1,0,0,0,0,0,1
0,7393,1,1,0,0,0,0
0,-1,0,0,0,0,0,1
0,237,1,0,0,0,0,1
0,7793,0,0,0,0,0,0
0,6017,0,0,0,0,0,0
0,8300,1,0,0,0,0,0
0,6229,1,1,0,0,0,0
0,8116,0,1,0,0,0,0
0,6764,1,0,0,0,0,1
0,2674,0,0,0,0,0,0
0,383,0,2,0,0,0,1
0,7859,1,1,0,0,0,0
0,1414,1,1,0,0,0,0
0,7915,1,1,0,0,0,0
0,8268,0,0,0,0,0,0
0,840,1,1,0,0,0,1
0,8098,1,1,0,0,0,0
0,-1,1,0,0,0,0,1
0,-1,1,0,0,0,0,1
0,8298,0,0,0,0,0,0
0,4196,0,0,0,0,0,0
0,9763,1,1,0,0,0,0
0,7773,1,1,0,0,0,0
0,-1,0,-1,0,0,0,0
0,5521,1,1,0,0,0,0
0,-1,0,0,0,0,0,1
0,-1,1,1,0,0,0,0
0,3745,0,0,0,0,0,0
0,6876,1,0,0,0,0,0
0,8120,1,0,0,0,0,0
0,7416,0,0,0,0,0,0
0,7677,1,0,0,0,0,0
0,1524,1,0,0,0,0,0
0,-1,0,0,0,0,0,1
0,-1,0,0,0,0,0,1
0,5624,0,0,0,0,0,1
0,7227,1,0,0,0,0,0
0,-1,1,1,0,0,0,1
0,2925,1,0,0,0,0,1
0,7532,1,1,0,0,0,0
0,5112,0,0,0,0,0,0
0,7012,0,0,0,0,0,0
0,-1,0,0,0,0,0,1
0,3600,0,-1,0,0,0,0
0,7253,0,0,0,0,0,0
0,-1,1,0,0,0,0,1
0,4440,1,0,0,0,0,0
0,-1,0,0,0,0,0,1
0,8362,1,1,0,0,0,0
0,6221,0,0,0,0,0,0
0,4185,0,1,0,0,0,1
0,1398,1,0,0,0,0,1
0,10672,1,0,0,0,0,0
0,-1,0,0,0,0,0,0
0,2766,0,0,0,0,0,1
0,6936,1,0,0,0,0,0
0,4603,0,1,0,0,0,0
0,4292,1,1,0,0,0,0
0,6133,0,0,0,0,0,0
0,2312,1,1,0,0,0,0
0,-1,0,0,0,0,0,0
0,-1,0,-1,0,0,0,0
0,1663,0,0,0,0,0,0
0,-1,1,0,0,0,0,1
0,-1,0,-1,0,0,0,0
0,8071,0,1,0,0,0,0
0,2880,1,1,0,0,0,0
0,-1,1,0,0,0,0,0
0,-1,0,0,0,0,0,1
0,2627,0,0,0,0,0,1
0,-1,0,0,0,0,0,0
0,115,0,0,0,0,0,1
0,1750,0,0,0,0,0,1
0,-1,1,0,0,0,0,0
0,6595,1,0,0,0,0,0
0,5679,0,-1,0,0,0,0
0,-1,1,0,0,0,0,1
0,4711,1,0,0,0,0,0
0,7941,1,1,0,0,0,0
0,2342,0,1,0,0,0,1
0,-1,0,0,0,0,0,0
0,-1,1,0,0,0,0,1
0,-1,0,0,0,0,0,1
0,7785,0,0,0,0,0,0
0,6766,0,1,0,0,0,0
0,4962,0,0,0,0,0,0
0,7372,0,0,0,0,0,0
0,1794,1,0,0,0,0,1
0,7536,1,1,0,0,0,0
0,2113,1,0,0,0,0,1
0,8062,1,1,0,0,0,0
0,7023,0,1,0,0,0,0
0,161,1,0,0,0,0,1
0,-1,0,0,0,0,0,1
0,97,1,1,0,0,0,1
0,8333,1,1,0,0,0,0
0,3776,1,1,0,0,0,0
0,6969,0,0,0,0,0,0
0,7686,1,2,0,0,0,0
0,-1,0,1,0,0,0,0
0,187,0,0,0,0,0,1
0,172,1,0,0,0,0,1
0,2443,1,0,0,0,0,1
0,-1,1,2,0,0,0,0
0,-1,1,0,0,0,0,0
0,4965,0,0,0,0,0,0
0,304,1,0,0,0,0,1
0,5736,0,0,0,0,0,0
0,7263,1,1,0,0,0,0
0,-1,0,1,0,0,0,1
0,6562,1,2,0,0,0,0
0,7264,1,1,0,0,0,0
0,6029,1,1,0,0,0,0
0,6827,1,1,0,0,0,0
0,6433,1,0,0,0,0,0
0,1566,1,0,0,0,0,0
0,-1,1,0,0,0,0,1
0,7550,0,0,0,0,0,0
0,7384,1,0,0,0,0,0
0,1263,1,0,0,0,0,1
0,5005,1,0,0,0,0,0
0,-1,1,0,0,0,0,0
0,7653,1,1,0,0,0,0
0,1864,1,0,0,0,0,1
0,6999,0,0,0,0,0,0
0,-1,0,0,0,0,0,1
0,-1,0,1,0,0,0,0
0,-1,1,3,0,0,0,1
0,5045,1,1,0,0,0,0
0,6577,0,0,0,0,0,0
0,2275,0,0,0,0,0,1
0,4340,0,0,0,0,0,1
0,-1,0,0,0,0,0,0
0,6642,0,1,0,0,0,0
0,8229,0,0,0,0,0,0
0,-1,0,0,0,0,0,1
0,7152,0,0,0,0,0,0
0,1302,0,0,0,0,0,0
0,-1,1,0,0,0,0,1
0,-1,1,2,0,0,0,0
0,4508,0,0,0,0,0,0
0,6851,1,0,0,0,0,0
0,1662,1,0,0,0,0,1
0,-1,1,0,0,0,0,0
0,3265,0,1,0,0,0,1
0,268,1,0,0,0,0,1
0,-1,0,0,0,0,0,0
0,7396,0,1,0,0,0,0
0,6973,0,0,0,0,0,0
0,-1,1,0,0,0,0,1
0,4810,0,1,0,0,0,0
0,7073,1,1,0,0,0,0
0,6615,1,1,0,0,0,0
0,1688,0,1,0,0,0,1
0,1677,1,1,0,0,0,0
0,-1,1,2,0,0,0,1
0,6964,1,0,0,0,0,0
0,6135,1,1,0,0,0,0
0,8723,1,0,0,0,0,0
0,1788,1,1,0,0,0,0
0,7661,1,0,0,0,0,0
0,311,1,0,0,0,0,1
0,4810,1,1,0,0,0,0
0,5627,1,2,0,0,0,0
0,1109,1,2,0,0,0,1
0,5014,0,0,0,0,0,0
0,-1,0,1,0,0,0,0
0,4131,1,0,0,0,0,0
0,6613,1,1,0,0,0,0
0,5199,0,0,0,0,0,0
0,1962,1,1,0,0,0,1
0,3315,0,0,0,0,0,0
0,6695,1,1,0,0,0,0
0,-1,0,1,0,0,0,0
0,3094,1,0,0,0,0,1
0,5902,1,1,0,0,0,0
0,-1,0,0,0,0,0,0
0,-1,0,0,0,0,0,1
0,8722,1,2,0,0,0,0
0,-1,0,0,0,0,0,1
0,-1,0,2,0,0,0,1
0,3871,1,1,0,0,0,0
0,-1,0,0,0,0,0,1
0,7397,1,2,0,0,0,0
0,6771,1,2,0,0,0,0
0,7205,0,0,0,0,0,0
0,4837,1,1,0,0,0,0
0,444,0,0,0,0,0,1
0,6800,0,0,0,0,0,1
0,5918,0,-1,0,0,0,0
0,2816,1,0,0,0,0,1
0,114,1,0,0,0,0,1
0,-1,0,0,0,0,0,0
0,7559,1,1,0,0,0,0
0,2624,0,0,0,0,0,1
0,8270,1,1,0,0,0,0
0,6396,0,0,0,0,0,1
0,7958,1,1,0,0,0,0
0,3334,0,0,0,0,0,0
0,3688,1,1,0,0,0,0
0,4135,0,0,0,0,0,1
0,186,0,0,0,0,0,1
0,-1,1,0,0,0,0,0
0,3792,1,0,0,0,0,1
0,2242,0,0,0,0,0,0
0,3842,0,1,0,0,0,1
0,5130,1,1,0,0,0,0
0,3592,0,0,0,0,0,0
0,4484,0,0,0,0,0,0
0,6715,0,0,0,0,0,0
0,3811,0,0,0,0,0,0
0,6796,0,0,0,0,0,0
0,221,0,0,0,0,0,0
0,7116,0,0,0,0,0,0
0,6601,1,1,0,0,0,0
0,22,1,0,0,0,0,1
0,4095,1,0,0,0,0,1
0,3047,0,-1,0,0,1,1
0,8469,1,0,0,0,0,0
0,7353,1,1,0,0,0,0
0,6787,1,1,0,0,0,0
0,2606,0,2,0,0,0,1
0,6041,1,1,0,0,0,0
0,8210,1,0,0,0,0,0
0,9,1,0,0,0,0,1
0,2937,0,0,0,0,0,1
0,3824,0,0,0,0,0,1
0,8099,0,0,0,0,0,0
0,6474,1,0,0,0,0,0
0,2558,0,0,0,0,0,0
0,177,0,0,0,0,0,0
0,2586,1,0,0,0,0,0
0,8545,1,0,0,0,0,0
0,1839,1,0,0,0,0,1
0,4711,1,1,0,0,0,0
0,4482,0,1,0,0,0,0
0,-1,0,0,0,0,0,0
0,-1,1,0,0,0,0,1
0,3391,1,2,0,0,0,0
0,5901,0,-1,0,0,0,0
0,-1,0,0,0,0,0,0
0,2443,1,0,0,0,0,1
0,5249,0,0,0,0,0,0
0,8105,1,0,0,0,0,0
0,2044,0,0,0,0,0,1
0,-1,1,0,0,0,0,0
0,3870,0,-1,0,0,0,1
0,-1,1,0,0,0,0,1
0,-1,0,3,0,0,0,0
0,3317,1,1,0,0,0,0
0,-1,1,0,0,0,0,1
0,-1,0,1,0,0,0,1
0,6718,1,2,0,0,0,0
0,3832,0,0,0,0,0,1
0,1624,1,1,0,0,0,0
0,3595,0,-1,0,0,0,1
0,4256,1,1,0,0,0,0
0,-1,0,0,0,0,0,1
0,119,0,0,0,0,0,1
0,-1,0,-1,0,0,0,0
0,-1,1,1,0,0,0,1
0,7350,0,0,0,0,0,0
0,2950,0,0,0,0,0,1
0,-1,0,0,0,0,0,1
0,1578,1,0,0,0,0,1
0,-1,0,0,0,0,0,1
0,-1,1,0,0,1,0,1
0,-1,0,0,0,0,0,1
0,3934,1,1,0,0,0,0
0,4657,0,0,0,0,0,1
0,-1,1,1,0,0,0,0
0,7761,0,0,0,0,0,0
0,5314,1,1,0,0,0,0
0,6307,0,0,0,0,0,0
0,185,0,0,0,0,0,1
0,4683,0,1,0,0,0,1
0,6480,0,0,0,0,0,0
0,86,1,0,0,0,0,1
0,5858,0,0,0,0,0,0
0,-1,1,0,0,0,0,0
0,8646,1,0,0,0,0,0
0,-1,0,0,0,0,0,0
0,-1,0,-1,0,0,0,1
0,4776,0,-1,0,0,0,0
0,7814,1,1,0,0,0,1
0,6176,1,0,0,0,0,1
0,5798,1,0,0,0,0,1
0,5683,0,0,0,0,0,0
0,-1,0,0,0,0,0,0
0,2085,0,1,0,0,0,1
0,1976,0,0,0,0,0,1
0,820,1,1,0,0,0,0
0,-1,1,1,0,0,0,0
0,6404,0,0,0,0,0,0
0,-1,0,0,0,0,0,0
0,6491,0,0,0,0,0,0
0,55,0,-1,0,0,0,1
0,7589,0,0,0,0,0,0
0,6658,0,0,0,0,0,0
0,-1,0,-1,0,0,0,0
0,2250,0,1,0,0,0,1
0,5399,1,0,0,0,0,0
0,5373,0,0,0,0,0,0
0,7097,1,0,0,0,0,0
0,7824,1,1,0,0,0,0
0,5739,0,2,0,0,0,0
0,6511,0,2,0,0,0,0
0,-1,1,0,0,0,0,0
0,-1,1,0,0,0,0,0
0,1138,1,0,0,0,0,0
0,-1,0,-1,0,0,0,0
0,7513,1,0,0,0,0,0
0,1393,0,0,0,0,0,1
0,-1,0,0,0,0,0,0
0,4493,1,1,0,0,0,0
0,3083,0,0,0,0,0,1
0,336,1,1,0,0,0,1
0,6558,1,1,0,0,0,0
0,5111,0,0,0,0,0,0
0,-1,1,0,0,0,0,1
0,-1,0,0,0,0,0,1
0,6027,1,0,0,0,0,0
0,4475,1,1,0,0,0,0
0,6379,1,1,0,0,0,0
0,4988,1,0,0,0,0,0
0,6239,0,0,0,0,0,0
0,7150,1,0,0,0,0,0
0,4954,0,0,0,0,0,0
0,-1,0,0,0,0,0,1
0,9541,0,-1,0,0,0,0
0,8156,1,1,0,0,0,0
0,6180,1,1,0,0,0,0
0,-1,0,-1,0,0,0,0
0,4269,0,1,0,0,0,1
0,-1,1,0,0,0,0,1
0,-1,1,0,0,0,0,0
0,4645,0,1,0,0,0,0
0,2085,1,0,0,0,0,0
0,-1,1,1,0,0,0,0
0,-1,1,0,0,0,0,1
0,-1,1,3,0,0,0,0
0,235,1,0,0,0,0,1
0,6786,0,0,0,0,0,0
0,-1,0,2,0,0,0,1
0,37,1,0,0,0,0,1
0,28,1,0,0,0,0,1
0,-1,1,2,0,0,0,0
0,8289,0,0,0,0,0,0
0,-1,1,1,0,0,0,1
0,50,1,0,0,0,0,1
0,637,0,0,0,0,0,1
0,1833,1,0,0,0,0,1
0,-1,0,0,0,0,0,0
0,-1,1,-1,0,0,0,0
0,-1,0,0,0,0,0,0
0,-1,1,2,0,0,0,0
0,2042,0,0,0,0,0,0
0,5520,1,2,0,0,0,0
0,1029,1,2,0,0,0,1
0,3405,1,0,0,0,0,0
0,5312,1,1,0,0,0,0
0,7879,1,1,0,0,0,0
0,980,1,1,0,0,0,0
0,6604,1,0,0,0,0,0
0,-1,0,0,0,0,0,1
0,3768,1,4,0,0,0,1
0,520,1,0,0,0,0,1
0,6063,0,1,0,0,0,0
0,-1,0,1,0,0,0,0
0,-1,0,0,0,0,0,1
0,-1,1,1,0,0,0,1
0,5798,0,0,0,0,0,0
0,3440,1,0,0,0,0,0
0,8717,1,1,0,0,0,0
0,4588,1,0,0,0,0,0
0,-1,0,0,0,0,0,0
0,9255,1,0,0,0,0,0
0,1255,1,0,0,0,0,0
0,3493,1,1,0,0,0,0
0,5971,1,0,0,0,0,0
0,-1,1,1,0,0,0,0
0,215,0,0,0,0,0,1
0,7407,0,1,0,0,0,0
0,7048,0,2,0,0,0,0
0,5627,1,2,0,0,0,0
0,8120,1,0,0,0,0,0
0,321,0,1,0,0,0,1
0,2604,1,1,0,0,0,0
0,7877,0,1,0,0,0,0
0,-1,1,0,0,0,0,1
0,6104,1,0,0,0,0,0
0,4657,0,-1,0,0,0,0
0,7180,1,2,0,0,0,0
0,5473,1,0,0,0,0,0
0,-1,1,0,0,0,0,0
0,5212,1,0,0,0,0,0
0,6268,0,0,0,0,0,0
0,1973,1,2,0,0,0,0
0,7281,0,0,0,0,0,0
0,1976,0,0,0,0,0,1
0,8006,0,0,0,0,0,0
0,2200,1,0,0,0,0,1
0,-1,1,0,0,0,0,1
0,-1,1,0,0,0,0,0
0,4354,1,0,0,0,0,1
0,4979,1,0,0,0,0,0
0,5598,0,0,0,0,0,0
0,7548,0,-1,0,0,0,0
0,7222,0,1,0,0,0,1
0,8437,1,1,0,0,0,1
0,-1,1,0,0,0,0,0
0,6516,1,1,0,0,0,0
0,-1,1,1,0,0,0,0
0,3047,1,1,0,0,1,1
0,5216,0,0,0,0,0,0
0,-1,1,1,0,1,1,1
0,7353,0,0,0,0,0,0
0,3517,0,0,0,0,0,1
0,4541,0,0,0,0,0,0
0,7108,0,0,0,0,0,0
0,-1,1,0,0,0,0,1
0,3851,1,0,0,0,0,0
0,3259,1,0,0,0,0,1
0,1049,1,0,0,0,0,1
0,-1,1,0,0,0,0,0
0,118,0,1,0,0,0,1
0,-1,1,0,0,0,0,1
0,2841,0,0,0,0,0,1
0,4490,0,0,0,0,0,0
0,-1,1,1,0,0,0,0
0,6598,0,1,0,0,0,0
0,7849,0,-1,0,0,0,0
0,6864,0,0,0,0,0,0
0,5298,1,1,0,0,0,0
0,2595,1,1,0,0,0,1
0,2176,0,0,0,0,0,1
0,-1,1,0,0,0,0,0
0,-1,1,0,0,0,0,0
0,-1,1,0,0,0,0,1
0,385,0,-1,0,0,0,0
0,2685,0,1,0,0,0,1
0,2417,0,1,0,0,0,1
0,-1,1,0,0,0,0,0
0,7942,0,1,0,0,0,0
0,-1,1,0,0,0,0,1
0,521,0,0,0,0,0,1
0,3221,1,1,0,0,0,0
0,6537,0,3,0,0,0,0
0,-1,1,0,0,0,0,1
0,6355,1,-1,0,0,0,0
0,5767,1,0,0,0,0,0
0,6667,0,0,0,0,0,0
0,338,0,-1,0,0,0,0
0,8330,1,0,0,0,0,0
0,384,0,2,0,0,0,1
0,-1,1,0,0,0,0,1
0,820,1,0,0,0,0,0
0,7386,1,1,0,0,0,0
0,-1,0,-1,0,0,0,0
0,386,0,-1,0,0,0,0
0,-1,1,1,0,0,0,0
0,7590,0,0,0,0,0,0
0,-1,1,0,0,0,0,1
0,-1,0,1,0,0,0,1
0,1562,0,0,0,0,0,1
0,4207,1,2,0,0,0,0
0,7259,1,1,0,0,0,0
0,-1,0,1,0,0,0,1
0,-1,1,1,0,0,0,0
0,-1,0,-1,0,0,0,1
0,-1,0,-1,0,0,0,0
0,-1,1,0,0,0,0,0
0,3627,1,1,0,0,0,1
0,7638,1,2,0,0,0,0
0,5979,1,0,0,0,0,0
0,-1,0,0,0,0,0,0
0,3394,1,1,0,0,0,0
0,5477,1,0,0,0,0,0
0,5490,1,1,0,0,0,0
0,1376,1,0,0,0,0,1
0,1107,0,-1,0,0,0,1
0,2802,0,0,0,0,0,1
0,262,0,0,0,0,0,0
0,17,0,-1,0,0,0,1
0,-1,0,-1,0,0,0,0
0,5560,1,0,0,0,0,0
0,-1,1,0,0,0,0,1
0,8005,1,1,0,0,0,0
0,4246,1,1,0,0,0,0
0,2751,1,1,0,0,0,0
0,-1,0,0,0,0,0,1
0,-1,1,0,0,0,0,1
0,1032,0,1,0,0,0,0
0,6068,1,1,0,0,0,0
0,-1,0,0,0,0,0,0
0,-1,0,0,0,0,0,0
0,-1,0,0,0,0,0,1
0,-1,0,1,0,0,0,0
0,2398,1,1,0,0,0,1
0,-1,0,0,0,0,0,1
0,-1,0,1,0,0,0,0
0,-1,0,-1,0,0,0,1
0,-1,1,0,0,0,0,1
0,5657,0,1,0,0,0,0
0,357,0,0,0,0,0,1
0,158,1,0,0,0,0,1
0,-1,1,0,0,0,0,1
0,5893,0,1,0,0,0,0
0,8494,0,0,0,0,0,0
0,-1,1,0,0,0,0,0
0,5973,0,-1,0,0,0,0
0,4567,0,1,0,0,0,0
0,3154,1,1,0,0,0,0
0,528,0,0,0,0,0,1
0,7556,1,1,0,0,0,0
0,3644,0,1,0,0,0,1
0,-1,1,0,0,0,0,1
0,-1,0,-1,0,0,0,0
0,2094,0,-1,0,0,0,0
0,5795,0,0,0,0,0,0
0,6160,1,1,0,0,0,0
0,-1,0,1,0,0,0,0
0,2839,0,-1,0,0,0,0
0,7403,1,1,0,0,0,0
0,4184,0,0,0,0,0,0
0,7491,1,1,0,0,0,0
0,6964,1,0,0,0,0,0
0,-1,1,0,0,0,0,0
0,1314,1,1,0,0,0,0
0,-1,1,1,0,0,0,0
0,647,1,0,0,0,0,1
0,5508,1,1,0,0,0,0
0,2873,0,0,0,0,0,1
0,6334,0,0,0,0,0,0
0,6744,0,0,0,0,0,0
0,5229,0,0,0,0,0,1
0,-1,0,0,0,0,0,0
0,338,1,1,0,0,0,1
0,5291,1,0,0,0,0,0
0,-1,1,1,0,0,0,0
0,6325,1,0,0,0,0,0
0,4194,0,1,0,0,0,0
0,-1,1,1,0,0,0,1
0,8164,1,1,0,0,0,0
0,5329,0,1,0,0,0,0
0,-1,1,0,0,0,0,1
0,4553,1,1,0,0,0,0
0,1419,0,0,0,0,0,1
0,-1,0,0,0,0,0,0
0,1553,1,1,0,0,0,0
0,147,1,1,0,0,0,1
0,5130,0,0,0,0,0,1
0,1325,0,0,0,0,0,0
0,6656,0,0,0,0,0,1
0,7039,1,1,0,0,0,0
0,343,1,0,0,0,0,1
0,2514,0,0,0,0,0,0
0,7123,1,0,0,0,0,0
0,-1,1,0,0,0,0,0
0,4134,0,0,0,0,0,1
0,7060,1,1,0,0,0,0
0,2770,1,0,0,0,0,1
0,6834,0,0,0,0,0,0
0,2615,1,0,0,0,0,1
0,3343,0,0,0,0,0,1
0,4794,1,0,0,0,0,1
0,-1,0,0,0,0,0,1
0,7827,0,0,0,0,0,0
0,3796,1,1,0,0,0,0
0,-1,0,0,0,0,0,1
0,-1,0,0,0,0,0,0
0,7195,0,0,0,0,0,0
0,-1,0,0,0,0,0,1
0,7180,0,0,0,0,0,0
0,-1,0,-1,0,0,0,0
0,6501,0,2,0,0,0,0
0,3198,1,0,0,0,0,1
0,-1,1,0,0,0,0,1
0,-1,1,0,0,0,0,1
0,-1,1,0,0,0,0,1
0,-1,0,0,0,0,0,1
0,32,0,-1,0,0,0,1
0,998,1,0,0,0,0,1
0,683,1,1,0,0,0,1
0,-1,1,0,0,0,0,1
0,6443,0,1,0,0,0,0
0,6819,1,0,0,0,0,0
0,43,0,0,0,0,0,1
0,-1,1,4,0,0,0,0
0,2828,1,0,0,0,0,0
0,-1,0,0,0,0,0,1
0,913,1,0,0,0,0,1
0,-1,0,1,0,0,0,1
0,10673,1,2,0,0,0,0
0,29,1,0,0,0,0,1
0,-1,0,1,0,0,0,0
0,406,0,0,0,0,0,0
0,-1,0,1,0,0,0,0
0,6925,1,1,0,0,0,0
0,293,0,3,0,0,0,0
0,1010,0,0,0,0,0,1
0,6590,1,3,0,0,0,0
0,-1,1,1,0,0,0,0
0,-1,0,0,0,0,0,1
0,-1,0,0,0,0,0,0
0,-1,1,0,0,0,0,1
0,7752,1,0,0,0,0,1
0,2465,0,0,0,0,0,1
0,5508,0,0,0,0,0,0
0,6696,1,0,0,0,0,0
0,269,1,0,0,0,0,1
0,5273,1,1,0,0,0,0
0,7213,1,1,0,0,0,0
0,4388,0,0,0,0,0,0
0,3222,1,1,0,0,0,1
0,7419,1,3,0,0,0,0
0,6866,0,0,0,0,0,0
0,4302,1,1,0,0,0,0
0,-1,1,0,0,0,0,1
0,2333,1,0,0,0,0,1
0,-1,0,0,0,0,0,1
0,4250,0,0,0,0,0,0
0,-1,0,0,0,0,0,0
0,4766,0,0,0,0,0,1
0,-1,0,0,0,0,0,0
0,5947,1,0,0,0,0,0
0,7136,0,1,0,0,0,0
0,5992,1,0,0,0,0,0
0,4953,1,1,0,0,0,0
0,373,1,0,0,0,0,1
0,-1,1,0,0,0,0,0
0,7537,1,1,0,0,0,0
0,10674,1,1,0,0,0,0
0,2662,0,0,0,0,0,0
0,7087,1,1,0,0,0,0
0,-1,0,0,0,0,0,1
0,5050,1,1,0,0,0,0
0,-1,1,0,0,0,0,0
0,-1,0,0,0,0,0,1
0,7432,1,0,0,0,0,0
0,5995,1,0,0,0,0,0
0,4980,1,2,0,0,0,0
0,7291,0,-1,0,0,0,0
0,-1,0,-1,0,0,0,0
0,-1,0,-1,0,0,0,0
0,4460,0,0,0,0,0,0
0,-1,0,1,0,0,0,1
0,7093,1,0,0,0,0,0
0,3413,0,0,0,0,0,0
0,-1,0,1,0,0,0,1
0,2974,1,0,0,0,0,1
0,8325,1,0,0,0,0,0
0,6744,0,0,0,0,0,1
0,5874,0,0,0,0,0,0
0,-1,0,0,0,0,0,1
0,8071,1,1,0,0,0,0
0,6363,1,1,0,0,0,0
0,2289,1,1,0,0,0,1
0,-1,1,3,0,0,0,1
0,-1,1,0,0,0,0,0
0,-1,1,1,0,0,0,1
0,8419,1,0,0,0,0,0
0,-1,1,1,0,0,0,1
0,5561,0,0,0,0,0,1
0,4938,1,1,0,0,0,1
0,6801,0,0,0,0,0,0
0,6260,0,0,0,0,0,0
0,-1,1,0,0,0,0,1
0,7073,1,3,0,0,0,0
0,5820,1,2,0,0,0,0
0,7387,0,-1,0,0,0,0
0,31,1,0,0,0,0,1
0,6378,0,0,0,0,0,0
0,8340,1,1,0,0,0,0
0,-1,0,0,0,0,0,1
0,-1,0,-1,0,0,0,0
0,7001,0,2,0,0,0,0
0,-1,0,-1,0,0,0,0
0,7216,1,1,0,0,0,0
0,6817,0,1,0,0,0,0
0,2457,0,0,0,0,0,0
0,-1,1,1,0,0,0,0
0,6490,1,0,0,0,0,0
0,7229,1,0,0,0,0,0
0,-1,1,1,0,0,0,1
0,-1,0,3,0,0,0,1
0,7011,0,0,0,0,0,0
0,-1,0,1,0,0,0,1
0,-1,1,1,0,0,0,0
0,7656,1,0,0,0,0,1
0,565,1,0,0,0,0,0
0,-1,1,0,0,0,0,0
0,9122,1,3,0,0,0,0
0,1027,0,0,0,0,0,1
0,-1,1,1,0,0,0,1
0,8006,1,3,0,0,0,0
0,5050,1,1,0,0,0,0
0,5894,1,0,0,0,0,0
0,6377,1,0,0,0,0,0
0,5808,1,0,0,0,0,0
0,5406,0,0,0,0,0,0
0,7291,0,0,0,0,0,0
0,-1,1,1,0,0,0,0
0,1819,0,0,0,0,0,1
0,-1,0,-1,0,0,0,0
0,5941,0,0,0,0,0,0
0,-1,1,0,0,0,0,1
0,-1,1,1,0,0,0,0
0,8357,0,0,0,0,0,0
0,3519,0,0,0,0,0,1
0,-1,1,0,0,0,0,0
0,7660,1,1,0,0,0,0
0,-1,1,1,0,0,0,0
0,326,1,0,0,0,0,1
0,7247,1,1,0,0,1,1
0,5469,0,0,0,0,0,0
0,-1,0,0,0,0,0,0
0,1654,1,1,0,0,0,0
0,8724,1,0,0,0,0,0
0,6964,1,2,0,0,0,0
0,152,1,1,0,0,0,0
0,-1,1,0,0,0,0,1
0,3671,0,-1,0,0,0,0
0,4376,0,1,0,0,0,1
0,-1,0,-1,0,0,0,0
0,3299,0,0,0,0,0,1
0,5681,0,0,0,0,0,0
0,4058,0,1,0,0,0,1
0,-1,0,0,0,0,0,1
0,-1,1,0,0,0,0,1
0,6513,1,1,0,0,0,1
0,1587,0,0,0,0,0,0
0,5600,0,0,0,0,0,0
0,6448,0,-1,0,0,0,0
0,1053,1,0,0,0,0,1
0,3471,1,0,0,0,0,0
0,-1,1,1,0,0,0,0
0,5804,0,-1,0,0,0,0
0,4291,1,1,0,0,0,0
0,6630,1,0,0,0,0,1
0,6733,0,0,0,0,0,0
0,1798,1,0,0,0,0,1
0,1879,1,1,0,0,0,0
0,2088,0,1,0,0,0,1
0,268,1,0,0,0,0,1
0,-1,0,0,0,0,0,0
0,-1,1,0,0,0,0,0
0,8432,1,1,0,0,0,0
0,-1,1,0,0,0,0,0
0,6361,0,0,0,0,0,0
0,5881,0,0,0,0,0,0
0,1971,1,0,0,0,0,0
0,-1,1,1,0,0,0,0
0,-1,0,2,0,0,0,1
0,502,1,1,0,0,0,1
0,-1,0,-1,0,0,0,1
0,3036,0,0,0,0,0,0
0,3489,1,1,0,0,0,1
0,4183,0,2,0,0,0,1
0,6670,0,0,0,0,0,0
0,-1,0,0,0,0,0,0
0,5408,1,0,0,0,0,0
0,-1,0,0,0,0,0,0
0,1129,0,1,0,0,0,1
0,5679,0,0,0,0,0,1
0,1792,1,1,0,0,0,0
0,3881,0,0,0,0,0,0
0,1690,0,0,0,0,0,1
0,7883,0,0,0,0,0,0
0,216,1,0,0,0,0,1
0,6189,0,0,0,0,0,0
0,6830,1,0,0,0,0,0
0,2558,0,0,0,0,0,1
0,6641,1,0,0,0,0,0
0,-1,0,0,0,0,0,1
0,5664,1,0,0,0,0,0
0,5096,1,0,0,0,0,0
0,-1,0,-1,0,0,0,0
0,-1,0,0,0,0,0,1
0,-1,1,0,0,0,0,1
0,2538,1,2,0,0,0,1
0,3974,1,1,0,0,0,0
0,6138,0,0,0,0,0,0
0,7217,0,0,0,0,0,0
0,5014,0,0,0,0,0,0
0,7489,1,1,0,0,0,0
0,933,0,1,0,0,0,0
0,-1,1,0,0,0,0,1
0,3276,1,0,0,0,0,0
0,8716,1,0,0,0,0,0
0,6032,1,0,0,0,0,0
0,4120,0,0,0,0,0,0
0,7295,1,1,0,0,0,0
0,-1,0,2,0,0,0,0
0,-1,0,-1,0,0,0,0
0,7284,0,0,0,0,0,0
0,1459,0,0,0,0,0,1
0,4748,1,0,0,0,0,1
0,115,1,1,0,0,0,1
0,4368,1,1,0,0,0,0
0,2900,0,0,0,0,0,1
0,6759,1,0,0,0,0,0
0,-1,1,0,0,0,0,1
0,5675,0,0,0,0,0,0
0,3777,1,0,0,0,0,1
0,273,1,0,0,0,0,1
0,2599,0,0,0,0,0,1
0,-1,0,-1,0,0,0,1
0,-1,1,0,0,0,0,0
0,7943,1,1,0,0,0,0
0,3662,1,0,0,0,0,0
0,3974,1,1,0,0,0,0
0,6691,0,-1,0,0,0,0
0,111,1,1,0,0,0,1
0,7766,0,0,0,0,0,0
0,7690,1,4,0,0,0,0
0,6033,0,0,0,0,0,0
0,3851,1,0,0,0,0,0
0,1904,0,0,0,0,0,1
0,3903,0,0,0,0,0,0
0,-1,0,0,0,0,0,1
0,3266,1,0,0,0,0,1
0,2494,1,0,0,0,0,1
0,-1,1,1,0,0,0,0
0,6919,1,0,0,0,0,1
0,98,0,0,0,0,0,1
0,4668,1,1,0,0,0,0
0,-1,0,0,0,0,0,0
0,7282,1,0,0,0,0,1
0,6810,0,1,0,0,0,0
0,6457,0,0,0,0,0,0
0,-1,0,0,0,0,0,1
0,5887,1,0,0,0,0,0
0,6456,0,0,0,0,0,0
0,1482,1,1,0,0,0,0
0,8085,1,0,0,0,0,0
0,3339,1,2,0,0,0,0
0,-1,1,0,0,0,0,0
0,7864,1,0,0,0,0,0
0,1583,0,0,0,0,0,0
0,8830,1,2,0,0,0,0
0,-1,0,0,0,0,0,0
0,796,1,1,0,0,0,1
0,4517,1,1,0,0,0,0
0,4933,1,2,0,0,0,0
0,-1,0,-1,0,0,1,1
0,-1,1,1,0,0,0,1
0,6513,1,1,0,0,0,0
0,5370,0,-1,0,0,0,0
0,2167,1,0,0,0,0,1
0,2206,0,0,0,0,0,1
0,6839,1,1,0,0,0,0
0,5680,0,0,1,0,0,0
0,5506,1,1,0,0,0,0
0,954,0,1,0,0,0,1
0,7303,0,1,0,0,0,0
0,1501,0,1,0,0,0,1
0,5244,0,0,0,0,0,0
0,7268,1,0,0,0,0,0
0,773,1,0,0,0,0,1
0,148,0,0,0,0,0,1
0,6305,0,0,0,0,0,0
0,5078,0,0,0,0,0,1
0,13,0,-1,0,0,0,1
0,578,0,0,0,0,0,1
0,-1,0,1,0,0,0,0
0,4397,0,0,0,0,0,0
0,6104,1,0,0,0,0,0
0,948,1,0,0,0,0,1
0,5806,1,1,0,0,0,1
0,6265,1,1,0,0,0,0
0,-1,0,0,0,0,0,0
0,-1,1,0,0,0,0,1
0,-1,1,0,0,0,0,0
0,-1,0,1,0,0,0,0
0,-1,0,0,0,0,0,0
0,5417,1,1,0,0,0,0
0,4559,1,1,0,0,0,1
0,-1,1,1,0,0,0,0
0,1931,1,0,0,0,0,0
0,1895,1,1,0,0,0,0
0,4419,1,1,0,0,0,0
0,3407,0,-1,0,0,0,1
0,8023,1,0,0,0,0,0
0,-1,1,1,0,0,0,1
0,3051,1,6,0,0,1,1
0,-1,0,1,0,0,0,1
0,1694,0,1,0,0,0,1
0,377,0,1,0,0,0,1
0,6804,0,0,0,0,0,0
0,2072,1,0,0,0,0,0
0,7553,0,0,0,0,0,0
0,7356,1,1,0,0,0,0
0,-1,0,0,0,0,0,0
0,-1,1,1,0,0,0,0
0,101,0,0,0,0,0,1
0,1799,1,0,0,0,0,1
0,3636,0,0,0,0,0,0
0,8217,0,0,0,0,0,0
0,603,0,1,0,0,0,0
0,5357,0,0,0,0,0,0
0,4774,1,0,0,0,0,0
0,4105,1,0,0,0,0,1
0,379,1,3,0,0,0,1
0,-1,0,0,0,0,0,0
0,-1,1,1,0,0,0,0
0,5984,0,1,0,0,0,0
0,5959,0,0,0,0,0,0
0,3336,0,-1,0,0,0,0
0,-1,1,1,0,0,0,1
0,-1,1,0,0,0,0,0
0,-1,0,0,0,0,0,1
0,5354,1,0,0,0,0,0
0,1678,1,0,0,0,0,1
0,6670,0,0,0,0,0,0
0,-1,0,-1,0,0,0,0
0,7788,0,-1,0,0,0,0
0,363,0,1,0,0,0,0
0,2796,1,0,0,0,0,1
0,6741,1,1,0,0,0,0
0,-1,0,0,0,0,0,1
0,199,0,1,0,0,0,1
0,1975,0,0,0,0,0,1
0,7868,1,0,0,0,0,0
0,6670,1,0,0,0,0,0
0,415,0,1,0,0,0,0
0,1228,0,0,0,0,0,1
0,3644,1,1,0,0,0,0
0,-1,0,0,0,0,0,1
0,7111,1,0,0,0,0,0
0,-1,1,0,0,0,0,0
0,7249,1,1,0,0,0,0
0,-1,0,0,0,0,0,0
0,-1,1,0,0,0,0,1
0,-1,1,0,0,0,0,0
0,2724,0,1,0,0,0,1
0,-1,1,0,0,0,0,0
0,7852,1,1,0,0,0,0
0,-1,0,0,0,0,0,1
0,3087,0,0,0,0,0,0
0,2523,1,0,0,0,0,0
0,7773,1,2,0,0,0,0
0,3581,0,0,0,0,0,1
0,2355,0,1,0,0,0,0
0,6446,0,0,0,0,0,0
0,-1,1,0,0,0,0,1
0,735,1,0,0,0,0,1
0,5158,1,0,0,0,0,0
0,4669,1,1,0,0,0,0
0,4589,1,1,0,0,0,0
0,-1,0,-1,0,0,0,0
0,3045,1,1,0,0,0,0
0,7964,1,3,0,0,0,0
0,-1,0,1,0,0,0,0
0,7057,0,1,0,0,0,0
0,704,0,0,0,0,0,0
0,-1,1,0,0,0,0,0
0,5041,1,1,0,0,0,0
0,-1,1,0,0,0,0,1
0,3715,1,1,0,0,0,0
0,2840,1,0,0,0,0,1
0,6128,0,0,0,0,0,0
0,6767,0,-1,0,0,0,0
0,5444,1,0,0,0,0,0
0,8304,1,0,0,0,0,0
0,-1,1,0,0,0,0,0
0,8241,1,1,0,0,0,0
0,198,0,0,0,0,0,1
0,-1,0,0,0,0,0,1
0,2932,1,1,0,0,0,1
0,2858,0,-1,0,0,0,1
0,1287,0,0,0,0,0,1
0,171,0,0,0,0,0,1
0,4818,1,1,0,0,1,1
0,8486,1,0,0,0,0,0
0,-1,0,1,0,0,0,1
0,817,0,0,0,0,0,1
0,-1,0,0,0,0,0,0
0,7403,0,0,0,0,0,0
0,5922,0,0,0,0,0,0
0,8187,1,0,0,0,0,0
0,8506,1,1,0,0,0,0
0,1956,1,0,0,0,0,0
0,-1,0,0,0,0,0,0
0,-1,0,3,0,0,0,1
0,-1,0,-1,0,0,0,1
0,2725,1,1,0,0,0,0
0,5681,0,-1,0,0,0,0
0,6133,0,0,0,0,0,1
0,-1,0,1,0,0,0,0
0,8416,1,0,0,0,0,0
0,-1,0,-1,0,0,0,1
0,-1,1,1,0,0,0,0
0,8217,0,1,0,0,0,0
0,5339,1,1,0,0,0,0
0,6145,0,0,0,0,0,0
0,2046,1,0,0,0,0,1
0,1052,0,1,0,0,0,1
0,1600,1,1,0,0,0,0
0,6474,1,0,0,0,0,0
0,2946,1,0,0,0,0,1
0,-1,1,0,0,0,0,1
0,2027,1,0,0,0,0,1
0,3104,1,1,0,0,0,0
0,4994,1,0,0,0,0,0
0,6132,0,0,0,0,0,0
0,6808,1,0,0,0,0,0
0,-1,1,1,0,0,0,0
0,207,1,1,0,0,0,1
0,8490,1,0,0,0,0,0
0,-1,1,0,0,0,0,1
0,3457,1,0,0,0,0,1
0,1749,0,0,0,0,0,1
0,4166,0,-1,0,0,0,0
0,-1,0,1,0,0,0,0
0,1808,1,0,0,0,0,1
0,5978,1,0,0,0,0,0
0,2170,1,1,0,0,0,1
0,-1,1,0,0,0,0,1
0,-1,0,0,0,0,0,1
0,1164,0,0,0,0,0,1
0,7118,0,1,0,0,0,0
0,-1,0,-1,0,0,0,0
0,4244,0,0,0,0,0,1
0,-1,1,2,0,0,0,1
0,-1,1,1,0,0,0,1
0,37,1,1,0,0,0,1
0,1764,0,0,0,0,0,0
0,-1,0,0,0,0,0,0
0,-1,0,0,0,0,0,1
0,-1,0,0,0,0,0,0
0,-1,1,0,0,0,0,0
0,-1,1,1,0,0,0,0
0,6995,1,1,0,0,0,0
0,4622,0,-1,0,0,0,0
0,7708,0,1,0,0,0,1
0,5195,1,1,0,0,0,0
0,6754,0,0,0,0,0,0
0,-1,0,-1,0,0,0,1
0,6668,1,0,0,0,0,0
0,5865,1,1,0,0,0,0
0,-1,1,1,0,0,0,0
0,-1,1,0,0,0,0,1
0,1512,1,0,0,0,0,1
0,6307,0,0,0,0,0,0
0,1727,0,0,0,0,0,0
0,6698,0,0,0,0,0,0
0,4593,1,1,0,0,0,0
0,5650,1,1,0,0,0,0
0,6693,1,1,0,0,0,0
0,8469,0,0,0,0,0,0
0,1897,1,0,0,0,0,0
0,-1,0,0,0,0,0,1
0,-1,0,0,0,0,0,0
0,8120,0,-1,0,0,0,0
0,-1,0,2,0,0,0,0
0,-1,0,0,0,0,0,0
0,4907,1,1,0,0,0,0
0,4797,1,1,0,0,0,0
0,7883,0,0,0,0,0,0
0,2895,0,0,0,0,0,1
0,4824,0,0,0,0,0,0
0,2163,1,2,0,0,0,1
0,4514,0,0,0,0,0,1
0,7242,0,0,0,0,0,0
0,-1,1,0,0,0,0,1
0,747,0,0,0,0,0,1
0,393,0,0,0,0,0,0
0,8062,0,0,0,0,0,0
0,6040,0,0,0,0,0,1
0,-1,0,-1,0,0,0,0
0,6833,1,0,0,0,0,0
0,-1,0,1,0,0,0,1
0,6237,0,0,0,0,0,0
0,1417,1,1,0,0,0,1
0,2607,0,0,0,0,0,1
0,1994,1,1,0,0,0,1
0,6724,0,0,0,0,0,0
0,-1,0,0,0,0,0,0
0,4221,0,-1,0,0,0,0
0,7841,1,1,0,0,0,0
0,7728,0,-1,0,0,0,1
0,8164,0,-1,0,0,0,0
0,6568,0,-1,0,0,0,0
0,7270,0,1,0,0,0,0
0,7798,0,0,0,0,0,0
0,1642,0,1,0,0,0,1
0,7827,1,1,0,0,0,0
0,2465,1,1,0,0,0,0
0,-1,0,0,0,0,0,0
0,6952,1,1,0,0,0,0
0,1756,0,0,0,0,0,1
0,-1,1,0,0,0,0,1
0,2352,0,2,0,0,0,1
0,-1,0,0,0,0,0,0
0,-1,1,0,0,0,0,0
0,-1,1,-1,0,0,0,0
0,896,0,0,0,0,0,1
0,2281,0,1,0,0,0,0
0,-1,1,1,0,0,0,0
0,7742,0,0,0,0,0,0
0,7932,1,0,0,0,0,0
0,7091,1,2,0,0,0,0
0,1426,1,0,0,0,0,1
0,-1,1,0,0,0,0,0
0,1033,1,0,0,0,0,1
0,6308,0,0,0,0,0,1
0,7355,0,0,0,0,0,0
0,7276,0,0,0,0,0,0
0,4008,0,0,0,0,0,0
0,8646,1,1,0,0,0,0
0,1386,1,0,0,0,0,0
0,-1,1,1,0,0,0,0
0,8469,0,0,0,0,0,0
0,6086,0,0,0,0,0,0
0,9449,1,1,0,0,0,0
0,4086,1,0,0,0,0,1
0,-1,1,2,0,0,0,0
0,8270,0,0,0,0,0,0
0,5818,0,-1,0,0,0,1
0,7318,0,1,0,0,0,0
0,-1,1,0,0,0,0,1
0,-1,1,0,0,0,0,1
0,3596,0,-1,0,0,0,1
0,-1,0,1,0,0,0,0
0,1951,1,1,0,0,0,0
0,6702,1,2,0,0,0,0
0,5096,1,0,0,0,0,0
0,-1,1,0,0,0,0,0
0,6997,1,1,0,0,0,0
0,5648,1,1,0,0,0,0
0,967,1,0,0,0,0,1
0,-1,0,0,0,0,0,1
0,6674,0,1,0,0,0,0
0,4685,0,0,0,0,0,1
0,4486,0,0,0,0,0,0
0,8256,1,0,0,0,0,0
0,5706,0,0,0,0,0,0
0,-1,1,0,0,0,0,0
0,2089,0,1,0,0,0,1
0,1819,0,0,0,0,0,1
0,-1,0,0,0,0,0,1
0,1229,1,0,0,0,0,1
0,2692,0,0,0,0,0,1
0,5679,0,0,0,0,0,0
0,6334,0,0,0,0,0,0
0,3526,1,0,0,0,0,0
0,7343,0,0,0,0,0,0
0,6657,0,0,0,0,0,1
0,-1,1,0,0,0,0,0
0,-1,0,0,0,0,0,0
0,6765,0,-1,0,0,0,0
0,7145,0,0,0,0,0,0
0,-1,1,0,0,0,0,0
0,2678,1,1,0,0,0,0
0,5469,0,0,0,0,0,0
0,5912,1,0,0,0,0,0
0,6431,0,1,0,0,0,0
0,4978,1,1,0,0,0,0
0,-1,1,0,0,0,0,1
0,-1,0,-1,0,0,0,0
0,7772,1,1,0,0,0,0
0,7128,0,0,0,0,0,0
0,5013,1,0,0,0,0,0
0,-1,0,0,0,0,0,1
0,-1,1,0,0,0,0,0
0,3385,0,0,0,0,0,1
0,2758,1,1,0,0,0,1
0,6708,0,0,0,0,0,0
0,5800,0,0,0,0,0,0
0,-1,1,0,0,0,0,1
0,4952,0,1,0,0,0,0
0,5977,1,2,0,0,0,0
0,-1,0,-1,0,0,0,0
0,-1,0,0,0,0,0,0
0,-1,0,0,0,0,0,1
0,781,0,0,0,0,0,1
0,538,1,0,0,0,0,1
0,6898,1,1,0,0,0,0
0,7952,1,1,0,0,0,0
0,-1,1,0,0,0,0,0
0,3452,0,0,0,0,0,1
0,6318,1,1,0,0,0,0
0,-1,1,1,0,0,0,1
0,2113,0,1,0,0,0,1
0,4651,1,0,0,0,0,0
0,3144,1,0,0,0,0,1
0,7378,0,0,0,0,0,0
0,-1,0,0,0,0,0,0
0,-1,0,0,0,0,0,1
0,6318,0,0,0,0,0,1
0,6851,0,0,0,0,0,0
0,8490,0,-1,0,0,0,0
0,1080,0,1,0,0,0,0
0,2968,0,-1,0,0,0,0
0,-1,0,-1,0,0,0,0
0,7846,1,0,0,0,0,0
0,4355,0,0,0,0,0,0
0,-1,0,0,0,0,0,1
0,2612,1,0,0,0,0,0
0,-1,0,-1,0,0,0,0
0,3391,0,1,0,0,0,1
0,7091,0,1,0,0,0,0
0,7159,0,0,0,0,0,0
0,5648,1,0,0,0,0,0
0,6106,1,0,0,0,0,0
0,5589,1,1,0,0,0,0
0,-1,0,0,0,0,0,0
0,6174,0,0,0,0,0,0
0,6600,0,0,0,0,0,0
0,4683,0,0,0,0,0,0
0,-1,1,0,0,0,0,1
0,-1,0,3,0,0,0,0
0,3969,1,1,0,0,0,0
0,3546,1,0,0,0,0,0
0,-1,1,0,0,0,0,1
0,5148,0,0,0,0,0,0
0,8736,1,1,0,0,0,0
0,5715,0,0,0,0,0,0
0,7113,1,0,0,0,0,0
0,8113,1,0,0,0,0,0
0,4717,1,0,0,0,0,0
0,-1,1,0,0,0,0,1
0,-1,1,0,0,0,0,1
0,9,0,1,0,0,0,1
0,7234,0,0,0,0,0,0
0,-1,1,1,0,0,0,1
0,6471,1,1,0,0,0,0
0,8320,1,2,0,0,0,0
0,672,1,0,0,0,0,0
0,7050,1,1,0,0,0,0
0,749,1,1,0,0,0,1
0,5347,1,0,0,0,0,0
0,7007,1,1,0,0,0,0
0,5365,1,0,0,0,0,0
0,6607,1,1,0,0,0,0
0,-1,0,-1,0,0,0,0
0,8127,0,-1,0,0,0,0
0,7330,1,1,0,0,0,0
0,5176,0,3,0,0,0,0
0,5617,0,0,0,0,0,1
0,7426,0,0,0,0,0,0
0,4420,1,0,0,0,0,1
0,2956,0,0,0,0,0,0
0,7336,0,1,0,0,0,0
0,1035,1,1,0,0,0,0
0,-1,0,0,0,0,0,1
0,7325,0,2,0,0,0,0
0,6830,1,0,0,0,0,0
0,1714,0,0,0,0,0,0
0,-1,0,0,0,0,0,1
0,-1,0,0,0,0,0,1
0,2971,0,-1,0,0,0,0
0,4822,1,0,0,0,0,1
0,2954,1,2,0,0,0,0
0,2585,0,0,0,0,0,0
0,7267,0,0,0,0,0,0
0,6808,0,0,0,0,0,0
0,-1,0,0,0,0,0,1
0,8275,1,1,0,0,0,0
0,-1,1,1,0,0,0,0
0,-1,1,1,0,0,0,0
0,-1,0,0,0,0,0,0
0,5245,1,0,0,0,0,0
0,2976,0,0,0,0,0,1
0,5465,1,1,0,0,0,0
0,87,1,0,0,0,0,1
0,-1,1,0,0,0,0,0
0,-1,1,1,0,0,0,0
0,1225,0,0,0,0,0,0
0,6059,1,1,0,0,1,1
0,4829,0,0,0,0,0,0
0,4415,1,1,0,0,0,0
0,384,0,2,0,0,0,1
0,6044,1,1,0,0,0,0
0,6566,0,-1,0,0,0,0
0,5390,0,0,0,0,0,0
0,4736,1,0,0,0,0,0
0,1057,0,0,0,0,0,0
0,-1,0,0,0,0,0,0
0,5392,1,2,0,0,0,0
0,2032,0,0,0,0,0,1
0,5437,0,0,0,0,0,0
0,5165,0,0,0,0,0,0
0,7153,0,1,0,0,0,0
0,7739,0,1,0,0,0,0
0,145,0,0,0,0,0,1
0,-1,0,0,0,0,0,0
0,561,0,1,0,0,0,1
0,-1,0,1,0,0,0,1
0,3247,1,0,0,0,0,1
0,856,1,2,0,0,0,0
0,729,1,0,0,0,0,1
0,7747,1,0,0,0,0,0
0,618,1,0,0,0,0,0
0,6608,0,0,0,0,0,0
0,1094,0,0,0,0,0,1
0,6374,0,0,0,0,0,0
0,4980,1,0,0,0,0,0
0,-1,0,0,0,0,0,1
0,-1,1,1,0,0,0,0
0,-1,0,0,0,0,0,0
0,-1,0,0,0,0,0,0
0,2861,0,-1,0,0,0,1
0,-1,0,0,0,0,0,0
0,1899,0,0,0,0,0,0
0,-1,1,0,0,0,0,0
0,7021,1,0,0,0,0,0
0,6153,0,0,0,0,0,0
0,5983,1,0,0,0,0,0
0,316,1,0,0,0,0,1
0,21,1,0,0,0,0,1
0,2600,0,0,0,0,0,1
0,5974,0,0,0,0,0,1
0,6388,0,-1,0,0,0,0
0,6325,0,0,0,0,0,0
0,6244,0,2,0,0,0,0
0,2483,0,0,0,0,0,1
0,6797,0,2,0,0,0,0
0,2341,0,0,0,0,0,1
0,-1,0,0,0,0,0,0
0,7131,1,0,0,0,0,1
0,675,1,0,0,0,0,1
0,-1,0,0,0,0,0,0
0,5867,1,1,0,0,0,0
0,7638,0,0,0,0,0,0
0,8660,1,0,0,0,0,0
0,7596,0,0,0,0,0,0
0,-1,0,0,0,0,0,1
0,5975,1,0,0,0,0,0
0,2376,0,0,0,0,0,0
0,6135,0,0,0,0,0,0
0,8234,0,-1,0,0,0,0
0,267,0,-1,0,0,0,1
0,6830,1,0,0,0,0,0
0,5329,0,0,0,0,0,1
0,-1,0,0,0,0,0,1
0,5316,1,1,0,0,0,0
0,2718,1,1,0,0,0,0
0,-1,1,2,0,0,0,1
0,-1,0,0,0,0,0,0
0,1053,0,0,0,0,0,1
0,8620,1,2,0,0,0,0
0,7409,0,1,0,0,0,0
0,8339,1,2,0,0,0,0
0,5854,0,-1,0,0,0,0
0,-1,1,0,0,0,0,1
0,2613,1,0,0,0,0,0
0,5093,1,2,0,0,0,0
0,5274,1,1,0,0,0,0
0,3455,0,-1,0,0,0,1
0,-1,1,0,0,0,0,1
0,7643,1,1,0,0,0,0
0,7876,1,1,0,0,0,0
0,-1,1,1,0,0,0,0
0,7811,1,1,0,0,0,0
0,1918,0,0,0,0,0,0
0,5137,1,0,0,0,0,0
0,7045,0,0,0,0,0,0
0,3048,1,2,0,0,1,1
0,1954,1,0,0,0,0,1
0,-1,0,0,0,0,0,0
0,4729,1,1,0,0,0,0
0,5825,0,0,0,0,0,1
0,-1,0,0,0,0,0,0
0,519,1,1,0,0,0,0
0,1266,1,1,0,0,0,1
0,7403,1,2,0,0,0,0
0,-1,0,0,0,0,0,0
0,7076,1,0,0,0,0,0
0,7642,0,0,0,0,0,0
0,-1,1,6,0,0,0,1
0,7859,1,1,0,0,0,0
0,-1,0,0,0,0,0,1
0,8285,1,1,0,0,0,0
0,5480,0,0,0,0,0,1
0,-1,1,1,0,0,0,0
0,689,0,0,0,0,0,1
0,-1,1,2,0,0,0,0
0,8437,1,0,0,0,0,1
0,6669,0,0,0,0,0,0
0,-1,0,-1,0,0,0,0
0,3490,0,1,0,0,0,1
0,304,0,1,0,0,0,0
0,-1,1,0,0,0,0,1
0,578,0,0,0,0,0,1
0,4185,0,0,0,0,0,1
0,97,1,1,0,0,0,0
0,7140,0,0,0,0,0,0
0,7138,1,1,0,0,0,0
0,192,0,0,0,0,0,0
0,4708,0,0,0,0,0,0
0,2917,0,0,0,0,0,1
0,-1,1,1,0,0,0,1
0,8435,1,1,0,0,0,0
0,6912,0,0,0,0,0,0
0,922,0,0,0,0,0,1
0,9,0,0,0,0,0,1
0,4658,0,0,0,0,0,0
0,-1,1,0,0,0,0,0
0,365,0,0,0,0,0,0
0,6832,1,0,0,0,0,0
0,7346,0,0,0,0,0,0
0,6955,0,0,0,0,0,0
0,-1,1,2,0,0,0,0
0,8283,1,1,0,0,0,0
0,-1,0,-1,0,0,0,1
0,4380,0,-1,0,0,0,0
0,7171,1,1,0,0,0,0
0,4848,0,0,0,0,0,1
0,7485,1,1,0,0,0,0
0,7538,0,0,0,0,0,0
0,2734,0,0,0,0,1,1
0,7404,1,1,0,0,0,0
0,1630,1,0,0,0,0,1
0,-1,1,0,0,0,0,1
0,4094,0,0,0,0,0,0
0,-1,1,0,0,0,0,0
0,13,0,-1,0,0,0,1
0,5269,0,1,0,0,0,0
0,-1,0,-1,0,0,0,0
0,3001,0,0,0,0,0,0
0,6450,1,1,0,0,0,0
0,6830,1,0,0,0,0,0
0,3372,1,1,0,0,0,0
0,6681,1,0,0,0,0,0
0,6456,0,0,0,0,0,0
0,1495,0,0,0,0,0,0
0,1297,0,0,0,0,0,1
0,3529,1,0,0,0,0,0
0,1888,0,0,0,0,0,0
0,1016,1,0,0,0,0,0
0,-1,1,1,0,0,0,0
0,7021,1,2,0,0,0,0
0,6699,0,0,0,0,0,0
0,7356,1,0,0,0,0,0
0,-1,0,0,0,0,0,1
0,2269,1,0,0,0,0,0
0,66,0,1,0,0,0,0
1,-1,0,0,0,0,0,1
0,2364,1,2,0,0,0,1
0,7527,1,0,0,0,0,0
0,-1,1,0,0,0,0,1
0,-1,0,0,0,0,0,0
0,3954,0,0,0,0,0,0
0,301,0,0,0,0,0,1
0,-1,1,0,0,0,0,0
0,1720,1,1,0,0,0,1
0,7902,1,1,0,0,0,0
0,-1,0,0,0,0,0,1
0,-1,1,0,0,0,0,0
0,-1,0,2,0,0,0,1
0,4126,1,0,0,0,0,1
0,-1,1,0,0,0,0,0
0,6804,0,1,0,0,0,0
0,-1,0,1,0,0,0,0
0,2612,1,0,0,0,0,0
0,7174,1,0,0,0,0,0
0,4436,0,0,0,0,0,1
0,-1,1,0,0,0,0,1
0,875,1,1,0,0,0,1
0,4595,0,1,0,0,0,1
0,4980,1,0,0,0,0,0
0,6712,0,0,0,0,0,0
0,7378,0,0,0,0,0,0
0,3619,0,0,0,0,0,0
0,5649,0,0,0,0,0,0
0,-1,1,0,0,0,0,1
0,6372,1,0,0,0,0,0
0,565,1,0,0,0,0,0
0,6292,0,0,0,0,0,1
0,6719,1,0,0,0,0,0
0,7503,0,0,0,0,0,0
0,244,0,0,0,0,0,1
0,7858,0,0,0,0,0,0
0,-1,0,0,0,0,0,1
0,6409,0,0,0,0,0,0
0,-1,0,-1,0,0,0,0
0,5085,0,0,0,0,0,0
0,-1,0,1,0,0,0,0
0,3573,1,-1,0,0,0,0
0,2183,0,0,0,0,0,1
0,595,0,-1,0,0,0,1
0,8164,0,0,0,0,0,0
0,1166,1,0,0,0,0,0
0,6807,1,0,0,0,0,0
0,2672,1,0,0,0,0,0
0,4326,0,0,0,0,0,0
0,5404,1,0,0,0,0,0
0,-1,0,-1,0,0,0,0
0,6372,0,0,0,0,0,0
0,3178,1,1,0,0,0,1
0,-1,1,0,0,0,0,1
0,3519,0,0,0,0,0,1
0,-1,0,-1,0,0,0,1
0,-1,0,1,0,0,0,1
0,1942,0,0,0,0,0,1
0,5195,0,0,0,0,0,1
0,7421,1,1,0,0,0,0
0,2759,1,0,0,0,0,0
0,7314,1,1,0,0,0,0
0,3194,0,1,0,0,0,0
0,-1,1,0,0,0,0,0
0,-1,1,0,0,0,0,1
0,-1,1,1,0,0,0,0
0,2298,0,0,0,0,0,1
0,-1,0,-1,0,0,0,0
0,537,1,1,0,0,0,1
0,-1,0,0,0,0,0,0
0,-1,1,3,0,0,0,0
0,4181,0,1,0,0,0,0
0,1802,0,0,0,0,0,1
0,1600,0,0,0,0,0,0
0,3496,1,1,0,0,0,1
0,6742,0,-1,0,0,0,0
0,-1,1,0,0,0,0,1
0,1146,0,-1,0,0,0,0
0,-1,1,2,0,0,0,1
0,4794,1,2,0,0,0,0
0,-1,1,0,0,0,0,0
0,5629,1,1,0,0,0,0
0,8155,0,0,0,0,0,0
0,7922,1,1,0,0,0,0
0,7840,0,0,0,0,0,0
0,8234,1,1,0,0,0,0
0,7128,1,0,0,0,0,1
0,-1,1,0,0,0,0,0
0,8408,1,0,0,0,0,0
0,-1,1,0,0,0,0,0
0,3602,0,0,0,0,0,0
0,4817,1,2,0,0,1,1
0,1796,0,0,0,0,0,1
0,8164,0,0,0,0,0,0
0,5272,1,1,0,0,0,0
0,5796,0,1,0,0,0,0
0,676,1,2,0,0,0,1
0,6608,1,1,0,0,0,0
0,545,0,0,0,0,0,1
0,7548,0,0,0,0,0,0
0,-1,1,0,0,1,0,1
0,3545,0,0,0,0,0,1
0,-1,0,-1,0,0,0,0
0,-1,0,0,0,0,0,1
0,1361,0,-1,0,0,0,1
0,6883,1,1,0,0,0,0
0,1878,1,0,0,0,0,1
0,958,1,0,0,0,0,0
0,2070,0,0,0,0,0,1
0,-1,1,0,0,0,0,1
0,2185,0,0,0,0,0,0
0,1124,1,0,0,0,0,1
0,2150,1,1,0,0,0,0
0,5545,0,0,0,0,0,0
0,2861,0,-1,0,0,0,1
0,7840,0,0,0,0,0,0
0,1635,1,0,0,0,0,1
0,-1,0,-1,0,0,0,0
0,8215,1,0,0,0,0,0
0,7860,1,0,0,0,0,0
0,-1,1,0,0,0,0,0
0,695,1,1,0,0,0,1
0,-1,1,1,0,0,0,0
0,-1,0,0,0,0,0,0
0,6216,0,0,0,0,0,0
0,7907,0,0,0,0,0,0
0,2689,0,-1,0,0,0,0
0,-1,1,0,0,0,0,1
0,6656,0,1,0,0,0,1
0,3813,0,0,0,0,0,0
0,-1,1,1,0,0,0,1
0,-1,1,0,0,0,0,1
0,1944,1,0,0,0,0,1
0,-1,1,0,0,0,0,0
0,2397,1,0,0,0,0,0
0,-1,0,0,0,0,0,1
0,6037,0,0,0,0,0,0
0,4656,0,0,0,0,0,0
0,4773,0,-1,0,0,0,0
0,3228,1,0,0,0,0,1
0,1688,1,0,0,0,0,0
0,7623,1,0,0,0,0,0
0,6031,0,0,0,0,0,0
0,1222,0,1,0,0,0,0
0,6264,0,0,0,0,0,0
0,-1,0,-1,0,0,0,0
0,-1,0,-1,0,0,0,0
0,-1,0,0,0,0,0,0
0,1028,0,0,0,0,0,1
0,-1,1,0,0,0,0,1
0,-1,0,-1,0,0,0,0
0,2105,0,0,0,0,0,1
0,-1,1,0,0,0,0,1
0,-1,1,1,0,0,0,0
0,1547,0,0,0,0,0,1
0,3807,0,0,0,0,0,0
0,1970,0,1,0,0,0,1
0,5346,0,1,0,0,0,1
0,5722,0,0,0,0,0,0
0,-1,1,0,0,0,0,1
0,-1,1,0,0,0,0,0
0,6900,1,1,0,0,0,0
0,-1,0,-1,0,0,0,1
0,4891,0,0,0,0,0,0
0,3841,1,1,0,0,0,0
0,2341,0,0,0,0,0,1
0,10,0,0,0,0,0,1
0,4350,0,-1,0,0,0,0
0,5608,1,0,0,0,0,0
0,6735,1,1,0,0,0,0
0,8555,1,0,0,0,0,0
0,6134,0,-1,0,0,0,0
0,646,0,1,0,0,0,1
0,-1,0,0,0,0,0,1
0,1502,0,0,0,0,0,1
0,2260,0,1,0,0,0,1
0,-1,0,0,0,0,0,1
0,2179,1,0,0,0,0,1
0,-1,0,0,0,0,0,1
0,6800,0,0,0,0,0,1
0,1972,0,-1,0,0,0,1
0,-1,0,1,0,0,0,1
0,-1,1,0,0,0,0,1
0,-1,1,1,0,0,1,1
0,467,1,1,0,0,0,1
0,2193,0,1,0,0,0,1
0,6447,0,0,0,0,0,1
0,1839,1,0,0,0,0,1
0,2691,0,0,0,0,0,1
0,-1,1,0,0,0,0,1
0,-1,1,1,0,0,0,1
0,474,0,1,0,0,0,1
0,1705,0,0,0,0,0,1
0,1089,1,0,0,0,0,1
0,3212,0,0,0,0,0,1
0,-1,0,0,0,0,0,1
0,2227,1,0,0,0,0,1
0,2724,0,0,0,0,0,1
0,-1,1,0,0,0,0,1
0,-1,0,0,0,0,0,1
0,-1,1,0,0,0,0,1
0,2169,0,-1,0,0,0,1
0,1248,1,0,0,0,0,1
0,2091,1,1,0,0,0,1
0,3894,0,0,0,0,0,1
0,-1,1,0,0,0,0,1
0,168,1,0,0,0,0,1
0,4044,1,1,0,0,0,1
0,-1,1,0,0,0,0,1
0,-1,1,2,0,0,0,1
0,193,0,0,0,0,0,1
0,3043,1,1,0,0,0,1
0,-1,0,0,0,0,0,1
0,-1,0,0,0,0,0,1
0,1502,0,0,0,0,0,1
0,-1,0,-1,0,0,0,1
0,1047,0,0,0,0,0,1
0,803,1,0,0,0,0,1
0,3524,1,2,0,0,0,1
0,1957,0,1,0,0,0,1
0,4838,0,0,0,0,0,1
0,-1,0,-1,0,0,0,1
0,49,0,0,0,0,0,1
0,3595,0,-1,0,0,0,1
0,-1,0,0,0,0,0,1
0,-1,1,0,0,0,0,1
0,706,0,0,0,0,0,1
0,4132,0,0,0,0,0,1
0,5958,1,0,0,0,0,1
0,-1,1,1,0,0,0,1
0,-1,1,2,0,0,0,1
0,3178,1,1,0,0,0,1
0,1273,1,1,0,0,0,1
0,50,0,1,0,0,0,1
0,2610,1,0,0,0,0,1
0,-1,0,0,0,0,0,1
0,544,0,0,0,0,0,1
0,2651,0,0,0,0,0,1
0,5995,0,0,0,0,0,1
0,8024,0,-1,0,0,0,1
0,4097,0,0,0,0,0,1
0,2796,0,0,0,0,0,1
0,1450,1,0,0,0,0,1
0,-1,1,0,0,0,0,1
0,5587,0,0,0,0,0,1
0,-1,1,0,0,0,0,1
0,4092,0,0,0,0,0,1
0,6611,1,0,0,0,0,1
0,-1,1,0,0,0,0,1
0,-1,1,0,0,0,0,1
0,367,1,0,0,0,0,1
0,-1,0,0,0,0,0,1
0,-1,1,0,0,0,0,1
0,2931,0,2,0,0,0,1
0,3299,0,-1,0,0,0,1
0,-1,0,0,0,0,0,1
0,-1,1,1,0,0,0,1
0,169,1,0,0,0,0,1
0,4657,0,0,0,0,0,1
0,2430,0,0,0,0,0,1
0,32,0,-1,0,0,0,1
0,654,1,0,0,0,0,1
0,5662,1,0,0,0,0,1
0,1111,1,0,0,0,0,1
0,706,1,1,0,0,0,1
0,1147,0,0,0,0,0,1
0,5429,1,0,0,0,0,1
0,5999,1,0,0,0,0,1
0,4819,1,1,0,0,1,1
0,104,1,1,0,0,0,1
0,-1,0,0,0,0,0,1
0,202,1,0,0,0,0,1
0,593,1,0,0,0,0,1
0,1820,0,0,0,0,0,1
0,415,0,-1,0,0,0,1
0,-1,0,0,0,0,0,1
0,3600,1,0,0,0,0,1
0,42,0,-1,0,0,0,1
0,719,1,0,0,0,0,1
0,-1,0,1,0,0,0,1
0,1641,0,0,0,0,0,1
0,5000,1,0,0,0,0,1
0,2425,0,0,0,0,0,1
0,336,0,1,0,0,0,1
0,592,0,0,0,0,0,1
0,1166,0,0,0,0,0,1
0,1978,0,0,0,0,0,1
0,-1,1,0,0,0,0,1
0,-1,1,0,0,0,0,1
0,-1,0,0,0,0,0,1
0,-1,1,0,0,0,0,1
0,-1,1,0,0,0,0,1
0,6781,1,0,0,0,0,1
0,2371,0,0,0,0,0,1
0,-1,1,1,0,0,0,1
0,3433,1,1,0,0,0,1
0,2769,0,0,0,0,0,1
0,1687,0,1,0,0,0,1
0,-1,1,0,0,0,0,1
0,-1,1,0,0,0,0,1
1,-1,0,0,0,0,0,1
0,209,0,0,0,0,0,1
0,2878,1,0,0,0,0,1
0,966,1,0,0,0,0,1
0,4216,1,0,0,0,0,1
0,-1,1,0,0,0,0,1
0,-1,0,2,0,0,0,1
0,-1,0,-1,0,0,0,1
0,5140,1,0,0,0,0,1
0,327,0,-1,0,0,0,1
0,-1,1,1,0,0,0,1
0,4513,0,0,0,0,0,1
0,-1,1,0,0,0,0,1
0,2088,1,0,0,0,0,1
0,2751,0,0,0,0,0,1
0,5,1,0,0,0,0,1
0,-1,1,0,0,0,0,1
0,-1,1,0,0,0,0,1
0,3595,0,-1,0,0,0,1
0,1016,1,1,0,0,0,1
0,-1,1,0,0,0,0,1
0,-1,0,0,0,0,0,1
0,1140,0,0,0,0,0,1
0,2410,1,0,0,0,0,1
0,8173,1,0,0,0,0,1
0,-1,0,4,0,0,0,1
0,2267,1,0,0,0,0,1
0,3685,0,0,0,0,0,1
0,4153,1,0,0,0,0,1
0,5187,0,0,0,0,0,1
0,-1,0,0,0,0,0,1
0,2391,0,0,0,0,0,1
0,2560,0,1,0,0,0,1
0,6596,0,0,0,0,0,1
0,-1,1,1,0,0,0,1
0,3433,0,0,0,0,0,1
0,714,1,0,0,0,0,1
0,1630,1,0,0,0,0,1
0,-1,1,0,0,0,0,1
0,-1,0,0,0,0,0,1
0,-1,0,-1,0,0,0,1
0,-1,1,1,0,0,0,1
0,3090,0,1,0,0,0,1
0,3622,1,0,0,0,0,1
0,-1,0,0,1,1,0,1
0,-1,1,0,0,0,0,1
0,5222,1,2,0,0,0,1
0,1363,0,1,0,0,0,1
0,134,1,1,0,0,0,1
0,-1,0,-1,0,0,0,1
0,672,0,0,0,0,0,1
0,970,0,0,0,0,0,1
0,498,0,-1,0,0,0,1
0,2395,1,0,0,0,0,1
0,3906,0,0,0,0,0,1
0,6657,0,1,0,0,0,1
0,-1,1,0,0,0,0,1
0,-1,0,0,0,0,0,1
0,284,1,1,0,0,0,1
0,4654,0,0,0,0,0,1
0,5085,1,1,0,0,0,1
0,14,1,1,0,0,0,1
0,-1,1,0,0,0,0,1
0,2179,1,1,0,0,0,1
0,966,1,0,0,0,0,1
0,1107,0,0,0,0,0,1
0,-1,1,0,0,0,0,1
0,5434,0,0,0,0,0,1
0,3685,0,0,0,0,0,1
0,-1,1,0,0,0,0,1
0,-1,0,0,0,0,0,1
0,531,1,1,0,0,0,1
0,-1,1,1,0,0,0,1
0,617,0,0,0,0,0,1
0,-1,0,0,0,0,0,1
0,1092,1,0,0,0,0,1
0,-1,0,0,0,0,0,1
0,4205,0,-1,0,0,0,1
0,2553,1,0,0,0,0,1
0,1885,0,0,0,0,0,1
0,-1,0,0,0,0,0,1
0,6731,1,0,0,0,0,1
0,4311,1,0,0,0,0,1
0,-1,1,1,0,0,0,1
0,1861,0,0,0,0,0,1
0,23,1,0,0,0,0,1
0,-1,1,0,0,0,1,1
0,-1,0,0,0,0,0,1
0,4686,1,0,0,0,0,1
0,-1,0,0,0,0,0,1
0,2409,1,0,0,0,0,1
0,1654,0,0,0,0,0,1
0,2608,0,0,0,0,0,1
0,954,0,0,0,0,0,1
0,-1,0,0,0,0,0,1
0,-1,0,0,0,0,0,1
0,1936,0,0,0,0,0,1
0,2566,0,0,0,0,0,1
0,3800,0,0,0,0,0,1
0,-1,0,1,0,0,0,1
0,1389,0,1,0,0,0,1
0,-1,0,0,0,0,0,1
0,-1,0,0,0,0,0,1
0,1865,0,0,0,0,0,1
0,2137,1,0,0,0,0,1
0,4881,1,2,0,0,0,1
0,1508,1,0,0,0,0,1
0,3310,1,1,0,0,0,1
0,2442,1,0,0,0,0,1
0,2925,0,0,0,0,0,1
0,991,1,0,0,0,0,1
0,-1,0,0,0,0,0,1
0,-1,0,0,0,0,0,1
0,780,1,0,0,0,0,1
0,-1,1,1,0,0,0,1
0,2644,1,1,0,0,0,1
0,1804,0,0,0,0,0,1
0,700,0,0,0,0,0,1
0,755,0,0,0,0,0,1
0,-1,1,1,0,0,0,1
0,1002,0,0,0,0,0,1
0,1497,1,0,0,0,0,1
0,3433,0,0,0,0,0,1
0,986,0,1,0,0,0,1
0,4067,0,1,0,0,0,1
0,4577,1,0,0,0,0,1
0,2849,0,0,0,0,0,1
0,38,0,-1,0,0,0,1
0,1828,1,1,0,0,0,1
0,4490,0,0,0,0,0,1
0,3517,0,-1,0,0,0,1
0,86,1,0,0,0,0,1
0,4721,1,0,0,0,0,1
0,1080,1,0,0,0,0,1
0,-1,1,0,0,0,0,1
0,50,1,0,1,1,0,1
0,939,1,0,0,0,0,1
0,-1,0,0,0,0,0,1
0,589,0,0,0,0,0,1
0,330,0,0,0,0,0,1
0,5032,0,0,0,0,0,1
0,698,0,0,0,0,0,1
0,-1,1,0,0,0,0,1
0,-1,0,0,0,0,0,1
0,-1,1,0,0,0,0,1
0,-1,1,0,0,0,0,1
0,7551,1,0,0,0,0,1
0,-1,1,0,0,0,0,1
0,1325,0,0,0,0,0,1
0,268,1,1,0,0,0,1
0,4640,0,0,0,0,0,1
0,-1,1,0,0,0,0,1
0,2482,0,0,0,0,0,1
0,3139,1,1,0,0,0,1
0,507,0,-1,0,0,0,1
0,-1,1,1,0,0,0,1
0,2252,1,0,0,0,0,1
0,-1,1,0,0,0,0,1
0,1287,1,0,0,0,0,1
0,-1,1,0,0,0,0,1
0,-1,0,1,0,0,0,1
0,4838,0,0,0,0,0,1
0,781,0,2,0,0,0,1
0,4258,0,1,0,0,0,1
0,1628,0,0,0,0,0,1
0,1590,0,0,0,0,0,1
0,-1,1,1,0,0,0,1
0,276,1,1,0,0,0,1
0,3299,0,0,0,0,0,1
0,83,1,0,0,0,0,1
0,703,1,1,0,0,0,1
0,-1,1,1,0,0,0,1
0,4371,0,1,0,0,0,1
0,-1,1,1,0,0,0,1
0,2077,1,0,0,0,0,1
0,7473,1,0,0,0,0,1
0,3685,0,0,0,0,0,1
0,287,0,1,0,0,0,1
0,15,0,0,0,0,0,1
0,-1,1,0,0,0,0,1
0,4699,1,0,0,0,0,1
0,357,1,0,0,0,0,1
0,572,0,1,0,0,0,1
0,-1,0,-1,0,0,0,1
0,3299,0,0,0,0,0,1
0,-1,0,-1,0,0,0,1
0,6731,1,0,0,0,0,1
0,3517,0,0,0,0,0,1
0,4524,0,1,0,0,0,1
0,3140,1,0,0,0,0,1
0,-1,1,0,0,0,0,1
0,5722,1,0,0,0,0,1
0,-1,0,0,0,0,0,1
0,2009,1,0,0,0,0,1
0,-1,1,1,0,0,0,1
0,2223,0,0,0,0,0,1
0,1772,1,0,0,0,0,1
0,4,0,-1,0,0,0,1
0,4055,1,0,0,0,0,1
0,1222,1,1,0,0,0,1
0,2357,1,0,0,0,0,1
0,165,0,1,0,0,0,1
0,6559,1,0,0,0,0,1
0,1763,0,0,0,0,0,1
0,5000,0,0,0,0,0,1
0,117,0,2,0,0,0,1
0,2757,1,0,0,0,0,1
0,-1,0,0,0,0,0,1
0,3586,0,1,0,0,0,1
0,1175,1,0,0,0,0,1
0,5016,0,1,0,0,0,1
0,1976,0,0,0,0,0,1
0,22,0,0,0,0,0,1
0,1842,1,0,0,0,0,1
0,345,1,0,0,0,0,1
0,-1,1,1,0,0,0,1
0,2103,1,2,0,0,0,1
0,7442,1,0,0,0,0,1
0,6659,0,0,0,0,0,1
0,22,0,0,0,0,0,1
0,721,0,0,0,0,0,1
0,-1,1,0,0,0,0,1
0,-1,1,0,0,0,0,1
0,2593,1,0,0,0,0,1
0,1096,1,0,0,0,0,1
0,1997,1,0,0,0,0,1
0,360,1,0,0,0,0,1
0,8,1,1,0,0,0,1
0,182,1,0,0,0,0,1
0,6593,0,0,0,0,0,1
0,1144,1,0,0,0,0,1
0,994,1,1,0,0,0,1
0,-1,1,0,0,0,0,1
0,-1,1,0,0,0,0,1
0,-1,1,0,0,0,0,1
0,21,1,0,0,0,0,1
0,7625,1,1,0,0,0,1
0,2978,1,1,0,0,0,1
0,236,1,0,0,0,0,1
0,1373,0,2,0,0,0,1
0,-1,1,0,0,0,0,1
0,2551,0,1,0,0,0,1
0,39,1,0,0,0,0,1
0,-1,1,0,0,0,0,1
0,998,1,0,0,0,0,1
0,2341,0,0,0,0,0,1
1,1598,0,0,0,0,0,1
1,738,0,1,0,0,0,1
0,-1,0,-1,0,0,0,1
0,-1,1,3,0,0,0,1
0,1878,1,0,0,0,0,1
0,-1,1,0,0,0,0,1
0,2769,0,0,0,0,0,1
0,-1,1,2,0,0,0,1
0,4217,0,0,0,0,0,1
0,-1,1,0,0,0,0,1
0,2254,0,0,0,0,0,1
0,-1,1,0,0,0,0,1
0,1429,0,1,0,0,0,1
0,753,0,0,0,0,0,1
0,4666,1,0,0,0,0,1
0,1473,0,0,0,0,0,1
0,-1,1,0,0,0,0,1
0,3447,1,0,0,0,0,1
0,5313,0,0,0,0,0,1
0,-1,1,0,0,0,0,1
0,1820,0,0,0,0,0,1
0,821,1,1,0,0,0,1
0,3519,0,0,0,0,0,1
0,864,1,4,0,0,0,1
0,2911,0,0,0,0,0,1
0,2252,1,0,0,0,0,1
0,-1,0,-1,0,0,0,1
0,4552,0,0,0,0,0,1
0,-1,1,0,0,0,0,1
0,-1,1,0,0,0,0,1
0,1816,1,0,0,0,0,1
0,1123,0,0,0,0,0,1
0,304,0,0,0,0,0,1
0,856,0,0,0,0,0,1
0,399,0,2,0,0,0,1
1,2174,0,1,0,0,0,1
0,-1,0,1,0,0,0,1
0,2472,0,0,0,0,0,1
0,-1,0,1,0,0,0,1
0,1727,0,0,0,0,0,1
0,753,0,1,0,0,0,1
0,2156,1,0,0,0,0,1
0,37,1,0,0,0,0,1
0,6878,0,3,0,0,0,1
0,586,1,1,0,0,0,1
0,-1,1,0,0,0,0,1
0,4325,1,1,0,0,0,1
0,2991,1,0,0,0,0,1
0,1978,0,0,0,0,0,1
0,991,0,0,0,0,0,1
0,-1,1,0,0,0,0,1
0,2684,1,0,0,0,0,1
0,2786,1,0,0,0,0,1
0,12,1,0,0,0,0,1
0,-1,1,0,0,0,0,1
0,4359,1,0,0,0,0,1
0,11,1,0,0,0,0,1
0,954,0,0,0,0,0,1
0,-1,0,1,0,0,0,1
0,-1,1,1,0,0,0,1
0,2341,0,0,0,0,0,1
0,6648,1,0,0,0,0,1
0,-1,1,1,0,0,0,1
0,-1,1,2,0,0,0,1
0,3701,1,0,0,0,0,1
0,1618,1,1,0,0,0,1
0,1512,0,0,0,0,0,1
0,39,1,0,0,0,0,1
0,6060,0,0,0,0,0,1
0,765,0,0,0,0,0,1
0,3432,0,0,0,0,0,1
0,2381,1,0,0,0,0,1
0,84,1,0,0,0,0,1
0,-1,1,1,0,0,0,1
0,2670,1,0,0,0,0,1
0,-1,0,0,0,0,0,1
0,1231,0,-1,0,0,0,1
0,-1,1,0,0,0,0,1
0,1675,1,0,0,0,0,1
0,2186,1,1,0,0,0,1
0,-1,1,1,0,0,0,1
0,2279,1,0,0,0,0,1
0,-1,1,0,0,0,0,1
0,-1,1,0,0,0,0,1
0,3224,1,1,0,0,0,1
0,-1,0,0,0,0,0,1
0,-1,1,0,0,0,0,1
0,-1,1,0,0,0,0,1
0,1978,1,1,0,0,0,1
0,2391,0,0,0,0,0,1
0,2019,0,0,0,0,0,1
0,1027,0,0,0,0,0,1
0,4474,1,0,0,0,0,1
0,5806,1,1,0,0,0,1
0,2319,0,0,0,0,0,1
0,5065,0,0,0,0,0,1
0,-1,0,0,0,0,0,1
0,-1,0,0,0,0,0,1
0,-1,0,1,0,0,0,1
0,139,1,1,0,0,0,1
0,932,0,0,0,0,0,1
0,2230,0,0,0,0,0,1
0,-1,1,0,0,0,0,1
0,-1,1,0,0,0,0,1
0,-1,0,-1,0,0,0,1
0,-1,1,0,0,0,0,1
0,322,0,0,0,0,0,1
0,176,0,1,0,0,0,1
0,-1,1,0,0,0,0,1
0,-1,0,0,0,0,0,1
0,1590,0,0,0,0,0,1
0,1003,0,0,0,0,0,1
0,10,0,1,0,0,0,1
0,879,0,1,0,0,0,1
0,-1,1,0,0,0,0,1
0,-1,1,1,0,0,0,1
0,21,0,0,0,0,0,1
0,8,0,1,0,0,0,1
0,287,1,0,0,0,0,1
0,-1,1,0,0,0,0,1
0,2246,1,0,0,0,0,1
0,6916,0,0,0,0,0,1
0,1123,0,0,0,0,0,1
0,-1,1,1,0,0,0,1
0,679,0,1,0,0,0,1
0,-1,0,0,0,0,0,1
0,5561,0,0,0,0,0,1
0,3048,1,1,0,0,1,1
0,1251,0,1,0,0,0,1
0,-1,1,0,0,0,0,1
0,-1,0,-1,0,0,0,1
0,5020,0,0,0,0,0,1
0,1671,0,1,0,0,0,1
0,933,1,1,0,0,0,1
0,5052,1,0,0,0,0,1
0,-1,1,1,0,0,0,1
0,2042,1,1,0,0,0,1
0,22,0,-1,0,0,0,1
0,-1,0,0,0,0,0,1
0,-1,1,0,0,0,0,1
0,2581,0,-1,0,0,0,1
0,5165,1,0,0,0,0,1
0,1526,1,0,0,0,0,1
0,384,1,1,0,0,0,1
0,-1,1,0,0,0,0,1
0,4768,0,0,0,0,0,1
0,12,0,0,0,0,0,1
0,4696,1,0,0,0,0,1
0,-1,0,1,0,0,0,1
0,-1,1,0,0,0,0,1
0,1488,0,0,0,0,0,1
0,1259,1,0,0,0,0,1
0,757,1,0,0,0,0,1
0,2683,1,0,0,0,0,1
0,-1,1,1,0,0,0,1
0,781,0,0,0,0,0,1
0,-1,0,1,0,0,0,1
0,69,0,0,0,0,0,1
0,14,0,-1,0,0,0,1
0,-1,0,-1,0,0,0,1
0,-1,1,1,0,0,0,1
0,745,0,1,0,0,0,1
0,-1,0,0,0,0,0,1
0,-1,1,0,0,0,0,1
0,-1,0,-1,0,0,0,1
0,-1,1,1,0,0,0,1
0,5662,1,0,0,0,0,1
0,2598,0,0,0,0,0,1
0,2409,1,1,0,0,0,1
0,-1,1,0,0,0,0,1
0,4557,1,1,0,0,1,1
0,412,0,-1,0,0,0,1
0,-1,1,1,0,0,0,1
0,6020,0,0,0,0,0,1
0,1807,1,0,0,0,0,1
0,2498,0,1,0,0,0,1
0,258,1,0,0,0,0,1
0,-1,1,0,0,0,0,1
0,986,0,1,0,0,0,1
0,331,0,0,0,0,0,1
0,1166,0,0,0,0,0,1
0,-1,0,0,0,0,0,1
0,-1,1,1,0,0,1,1
0,66,1,0,0,0,0,1
0,-1,1,1,0,0,0,1
0,-1,0,0,0,0,0,1
0,-1,1,0,0,0,0,1
0,3073,1,0,0,0,0,1
0,1158,0,0,0,0,0,1
0,2528,0,1,0,0,0,1
0,4874,0,0,0,0,0,1
0,-1,1,0,0,0,0,1
0,932,0,0,0,0,0,1
0,-1,1,2,0,0,0,1
0,-1,0,-1,0,0,0,1
0,1240,0,1,0,0,0,1
0,960,0,0,0,0,0,1
0,4485,0,0,0,0,0,1
0,3805,0,0,0,0,0,1
0,3413,1,0,0,0,0,1
0,-1,0,-1,0,0,0,1
0,4555,1,0,0,0,1,1
0,-1,1,0,0,0,0,1
0,2354,0,0,0,0,0,1
0,370,0,0,0,0,0,1
0,-1,1,0,0,0,0,1
0,-1,1,1,0,0,0,1
0,3197,0,0,0,0,0,1
0,-1,0,0,0,0,0,1
0,2393,1,0,0,0,0,1
0,5399,1,1,0,0,0,1
0,2200,0,0,0,0,0,1
0,582,1,0,0,0,0,1
0,2865,1,0,0,0,0,1
0,3025,1,2,0,0,0,1
0,-1,0,2,0,0,0,1
0,1654,0,0,0,0,0,1
0,4043,0,0,0,0,0,1
0,-1,1,0,0,0,0,1
0,2109,1,0,0,0,0,1
0,1777,0,0,0,0,0,1
0,-1,1,0,0,0,0,1
0,1387,0,1,0,0,0,1
0,5395,0,0,0,0,0,1
0,3177,1,1,0,0,0,1
0,1790,1,1,0,0,0,1
0,544,0,0,0,0,0,1
0,-1,0,0,0,0,0,1
0,2930,1,0,0,0,0,1
0,941,0,0,0,0,0,1
0,4820,1,0,0,0,1,1
0,2991,1,0,0,0,0,1
0,1590,0,1,0,0,0,1
0,-1,0,0,0,0,0,1
0,2267,1,0,0,0,0,1
0,-1,0,2,0,0,0,1
0,2569,0,0,0,0,0,1
0,-1,1,0,0,0,0,1
0,-1,1,0,0,0,0,1
0,2200,0,1,0,0,0,1
0,50,1,0,0,0,0,1
0,8086,1,1,0,0,0,1
0,2786,0,0,0,0,0,1
0,-1,0,0,0,0,0,1
0,800,1,1,0,0,0,1
0,-1,1,0,0,0,0,1
0,5526,1,0,0,0,0,1
0,-1,0,-1,0,0,0,1
0,4840,0,1,0,0,0,1
0,-1,1,0,0,0,0,1
0,5756,0,0,0,0,0,1
0,178,0,0,0,0,0,1
0,399,0,0,0,0,0,1
0,-1,1,1,0,0,0,1
0,-1,1,0,0,0,0,1
0,3246,0,0,0,0,0,1
0,1409,0,0,0,0,0,1
0,-1,1,0,0,0,0,1
0,4514,0,0,0,0,0,1
0,2078,0,0,0,0,0,1
0,-1,1,0,0,0,0,1
0,1962,1,0,0,0,0,1
0,2351,1,1,0,0,0,1
0,2073,1,0,0,0,0,1
0,-1,1,0,0,0,0,1
0,-1,0,0,0,0,0,1
0,2558,0,0,0,0,0,1
0,-1,1,0,0,0,0,1
0,-1,1,0,0,0,0,1
0,2710,1,0,0,0,0,1
0,744,1,1,0,0,0,1
0,2468,1,0,0,0,0,1
0,886,0,0,0,0,0,1
0,3443,0,1,0,0,0,1
0,343,1,0,0,0,0,1
0,-1,0,0,0,0,0,1
0,977,0,0,0,0,0,1
0,1828,1,0,0,0,0,1
0,2833,0,0,0,0,0,1
0,347,0,1,0,0,0,1
0,-1,0,0,0,0,0,1
0,896,0,0,0,0,0,1
0,-1,0,0,0,0,0,1
0,-1,1,1,0,0,0,1
0,558,1,0,0,0,0,1
0,-1,1,1,0,0,0,1
0,329,1,0,0,0,0,1
0,-1,0,0,0,0,0,1
0,-1,1,0,0,0,0,1
0,4514,0,0,0,0,0,1
0,4205,1,1,0,0,0,1
0,-1,0,0,0,0,0,1
0,728,0,0,0,0,0,1
0,-1,1,0,0,0,0,1
0,6519,0,1,0,0,0,1
0,-1,1,0,0,0,0,1
0,1654,0,0,0,0,0,1
0,1613,1,0,0,0,0,1
0,3131,0,0,0,0,0,1
0,92,1,0,0,0,0,1
0,-1,0,1,0,0,0,1
0,367,0,0,0,0,0,1
0,3716,1,0,0,0,0,1
0,-1,1,2,0,0,0,1
0,267,1,1,0,0,0,1
0,1997,0,-1,0,0,0,1
0,-1,0,0,0,0,0,1
0,-1,0,2,0,0,0,1
0,1590,0,0,0,0,0,1
0,950,1,0,0,0,0,1
0,3035,0,0,0,0,0,1
0,2797,1,1,0,0,0,1
0,1229,0,0,0,0,0,1
0,6704,0,0,0,0,0,1
0,5719,1,1,0,0,0,1
0,-1,0,-1,0,0,0,1
0,3298,0,0,0,0,0,1
0,2990,1,1,0,0,0,1
0,6448,0,0,0,0,0,1
0,291,0,1,0,0,0,1
0,-1,1,0,0,0,0,1
0,286,0,0,0,0,0,1
0,1962,1,1,0,0,0,1
0,-1,1,1,0,0,0,1
0,6970,1,0,0,0,0,1
0,-1,0,0,0,0,0,1
0,1404,1,0,0,0,0,1
0,2342,0,0,0,0,0,1
0,-1,1,1,0,0,0,1
0,-1,0,-1,0,0,0,1
0,2425,0,0,0,0,0,1
0,1023,1,1,0,0,0,1
0,-1,1,0,0,0,0,1
0,2859,0,1,0,0,0,1
0,-1,1,0,0,0,0,1
0,2317,1,1,0,0,0,1
0,3018,0,1,0,0,0,1
0,3299,0,0,0,0,0,1
0,649,1,0,0,0,0,1
0,662,0,0,0,0,0,1
0,320,1,0,0,0,0,1
0,21,0,-1,0,0,0,1
0,4819,1,2,0,0,1,1
0,-1,1,0,0,0,0,1
0,1637,0,0,0,0,0,1
0,524,1,0,0,0,0,1
0,-1,0,1,0,0,0,1
0,559,1,0,0,0,0,1
0,-1,0,1,0,0,0,1
0,1848,1,1,0,0,0,1
0,-1,1,0,0,0,0,1
0,106,1,0,0,0,0,1
0,330,1,0,0,0,0,1
0,1185,0,0,0,0,0,1
0,659,1,0,0,0,0,1
0,7399,1,1,0,0,0,1
0,-1,0,0,0,0,0,1
0,12,1,0,0,0,0,1
0,265,0,0,0,0,0,1
0,954,0,0,0,0,0,1
0,-1,1,0,0,0,0,1
0,4215,0,1,0,0,0,1
0,1164,0,0,0,0,0,1
0,-1,1,1,0,0,0,1
0,1487,1,0,0,0,0,1
0,-1,1,0,0,0,0,1
0,1646,1,0,0,0,0,1
0,1106,1,0,0,0,0,1
0,1142,1,0,0,0,0,1
0,332,0,2,0,0,0,1
0,650,1,0,0,0,0,1
0,-1,1,0,0,0,0,1
0,-1,1,1,0,0,0,1
0,15,1,0,0,0,0,1
0,967,1,0,0,0,0,1
0,6222,0,0,0,0,0,1
0,1946,1,0,0,0,0,1
0,4335,1,0,0,0,0,1
0,-1,1,1,0,0,0,1
0,870,0,1,0,0,0,1
0,2676,0,0,0,0,0,1
0,-1,0,0,0,0,0,1
0,365,0,0,0,0,0,1
0,-1,0,2,0,0,0,1
0,2991,1,0,0,0,0,1
0,2683,1,0,0,0,0,1
0,160,0,0,0,0,0,1
0,1639,1,1,0,0,0,1
0,6447,0,-1,0,0,0,1
0,3144,1,0,0,0,0,1
0,-1,1,0,0,0,0,1
0,2691,0,0,0,0,0,1
0,1535,1,0,0,0,0,1
0,3198,0,0,0,0,0,1
0,3459,0,0,0,0,0,1
0,1820,0,0,0,0,0,1
0,1385,0,1,0,0,0,1
0,2471,0,3,0,0,0,1
0,1549,0,0,0,0,0,1
0,-1,0,0,0,0,0,1
0,306,0,0,0,0,0,1
0,1132,0,0,0,0,0,1
0,1509,1,0,0,0,0,1
0,5754,0,1,0,0,0,1
0,2534,1,0,0,0,0,1
0,6389,0,0,0,0,0,1
0,1195,1,0,0,0,0,1
0,171,1,0,0,0,0,1
0,-1,0,0,0,0,0,1
0,-1,1,0,0,0,0,1
0,3448,1,0,0,0,0,1
0,6324,0,0,0,0,0,1
0,13,0,-1,0,0,0,1
0,-1,1,0,0,0,0,1
0,-1,0,0,0,0,0,1
0,-1,0,0,0,0,0,1
0,490,0,2,0,0,0,1
0,2112,1,0,0,0,0,1
0,-1,0,0,0,0,0,1
0,-1,0,0,0,0,0,1
0,1203,0,0,0,0,0,1
0,2179,1,0,0,0,0,1
0,888,0,1,0,0,0,1
0,-1,0,-1,0,0,0,1
0,-1,0,0,0,0,0,1
0,1686,0,1,0,0,0,1
0,870,1,0,0,0,0,1
0,92,0,0,0,0,0,1
0,1209,1,0,0,0,0,1
0,822,1,0,0,0,0,1
0,7116,0,0,0,0,0,1
0,382,0,0,0,0,0,1
0,-1,1,3,0,0,0,1
0,-1,0,0,0,0,0,1
0,3243,0,0,0,0,0,1
0,1568,0,1,0,0,0,1
0,-1,0,0,0,0,0,1
0,1498,0,0,0,0,0,1
0,1973,1,0,0,0,0,1
0,681,0,0,0,0,0,1
0,6409,0,0,0,0,0,1
0,-1,1,0,0,0,0,1
0,1657,1,0,0,0,0,1
0,434,1,0,0,0,0,1
0,2674,1,0,0,0,0,1
0,2188,1,0,0,0,0,1
0,-1,1,0,0,0,0,1
0,-1,0,-1,0,0,0,1
0,-1,1,1,0,0,0,1
0,2538,0,0,0,0,0,1
0,1502,0,-1,0,0,0,1
0,-1,1,0,0,0,0,1
0,-1,1,2,0,0,0,1
0,-1,0,-1,0,0,0,1
0,2983,0,1,0,0,0,1
0,6715,0,-1,0,0,1,1
0,359,1,0,0,0,0,1
0,1540,1,1,0,0,1,1
0,-1,1,4,0,0,0,1
0,-1,0,1,0,0,0,1
0,1434,1,1,0,0,0,1
0,-1,1,2,0,0,0,1
0,64,0,0,0,0,0,1
0,-1,0,2,0,0,0,1
0,-1,0,2,0,0,0,1
0,206,1,0,0,0,0,1
0,397,0,0,0,0,0,1
0,-1,1,0,0,0,0,1
0,329,1,0,0,0,0,1
0,2875,0,0,0,0,0,1
0,1497,1,0,0,0,0,1
0,2539,1,0,0,0,0,1
0,-1,0,-1,0,0,0,1
0,-1,1,0,0,0,0,1
0,2670,1,1,0,0,0,1
0,4770,1,0,0,0,0,1
0,87,1,0,0,0,0,1
0,1873,0,0,0,0,0,1
0,-1,0,0,0,0,0,1
0,-1,1,0,0,0,0,1
0,18,0,0,0,0,0,1
0,5198,0,0,0,0,0,1
0,191,1,0,0,0,0,1
0,6068,1,0,0,0,0,1
0,-1,1,0,0,0,0,1
0,146,1,-1,0,0,0,1
0,1184,0,1,0,0,0,1
0,1529,0,0,0,0,0,1
0,690,0,1,0,0,0,1
0,345,1,0,0,0,0,1
0,1476,0,0,0,0,0,1
0,-1,1,0,0,0,0,1
0,-1,1,0,0,0,0,1
0,-1,1,1,0,0,0,1
1,4206,0,0,0,0,0,1
0,3932,1,2,0,0,0,1
0,3051,0,0,0,0,0,1
0,-1,0,0,0,0,0,1
0,2644,0,1,0,0,0,1
0,-1,0,0,0,0,0,1
0,505,0,0,0,0,0,1
0,110,0,-1,0,0,0,1
0,-1,1,0,0,0,0,1
0,36,1,1,0,0,0,1
0,-1,1,0,0,0,0,1
0,-1,1,1,0,0,0,1
0,708,1,0,0,0,0,1
0,2470,0,0,0,0,0,1
0,2472,0,0,0,0,0,1
0,2302,0,0,0,0,0,1
0,2252,1,0,0,0,0,1
0,3181,1,0,0,0,0,1
0,5561,0,0,0,0,0,1
0,658,0,0,0,0,0,1
0,-1,0,0,0,0,0,1
0,-1,1,0,0,0,0,1
0,6031,1,0,0,0,0,1
0,3552,1,1,0,0,0,1
0,4837,0,1,0,0,0,1
0,2925,0,0,0,0,0,1
0,2687,0,0,0,0,0,1
0,954,0,-1,0,0,0,1
0,1819,0,0,0,0,0,1
0,2539,0,1,0,0,0,1
0,1828,1,1,0,0,0,1
0,1849,1,1,0,0,0,1
0,290,0,1,0,0,0,1
0,2090,1,0,0,0,0,1
0,142,0,-1,0,0,0,1
0,5584,0,0,0,0,0,1
0,297,0,0,0,0,0,1
0,-1,0,0,0,0,0,1
0,-1,1,0,0,0,0,1
0,65,0,0,0,0,0,1
0,-1,1,0,0,0,0,1
0,4514,0,0,0,0,0,1
0,-1,0,1,0,0,0,1
0,155,1,0,0,0,0,1
0,-1,1,0,0,0,0,1
0,-1,0,0,0,0,0,1
0,-1,0,0,0,0,0,1
0,-1,0,-1,0,0,0,1
0,5299,0,0,0,0,0,1
0,5003,1,0,0,0,0,1
0,28,1,0,0,0,0,1
0,68,0,0,0,0,0,1
0,2319,1,1,0,0,0,1
0,6357,1,1,0,0,0,1
0,7563,1,0,0,0,0,1
0,-1,1,0,0,0,0,1
0,3570,0,1,0,0,0,1
0,5954,1,4,0,0,0,1
0,1218,1,0,0,0,0,1
0,-1,1,0,0,0,0,1
0,2323,0,0,0,0,0,1
0,-1,0,0,0,0,0,1
0,6580,0,1,0,0,0,1
0,3799,1,0,0,0,0,1
0,7240,1,0,0,0,0,1
0,513,1,0,0,0,0,1
0,1512,0,0,0,0,0,1